CIF,ALCOHOL,DRUG,SMR,DEPRESS,LBWT,EMERG
35,18.35396926,0,73,0.133608815,0.0625,56.82967034
35,91.97139782,0,55,0.138028169,0,70.38964159
55,86.31482271,0,63,0.104562738,0,92.34792066
35,0,0,67,0.143442623,0.055555556,78.5646451
95,109.8496286,63.33102143,109,0.185310734,0.024390244,100.7501062
25,15.30089765,0,54,0.13022508,0,70.50677552
30,52.13564918,131.5682608,63,0.11588785,0,66.57577621
30,16.46837283,0,66,0.116136919,0,49.47154382
20,20.85077966,0,81,0.062386432,0,42.74383997
100,136.4532718,61.43636847,85,0.232269504,0,117.3136286
35,16.78790433,25.02651161,72,0.126605505,0,60.25310592
75,50.13018043,46.59490787,110,0.157584683,0,100.3684215
45,21.83137965,0,70,0.136094675,0,62.80258863
60,40.98350018,47.42552143,69,0.14600551,0,81.22669375
55,10.79647848,82.40189544,54,0.149643705,0.052631579,52.50957448
35,6.630255052,0,43,0.132681564,0,64.44099552
35,5.367791549,0,78,0.135757576,0,65.51284328
25,28.06839446,0,67,0.143774069,0,83.60782958
30,22.87253733,0,103,0.15,0.117647059,57.45362674
50,10.45231406,0,84,0.136131013,0,57.17472929
75,64.73810265,44.25324124,50,0.165075034,0,83.03452391
25,28.69592362,63.65399002,61,0.126849894,0,71.56736223
25,21.54612687,0,53,0.106179286,0,51.18724792
30,41.91806429,0,64,0.109602328,0.041666667,56.23694325
35,9.92755448,0,93,0.102083333,0,50.79452345
20,7.127786998,0,56,0.135338346,0.029411765,50.29127154
20,15.39536185,64.31180394,52,0.099159664,0.0625,53.91253056
30,23.78251923,0,53,0.112714157,0.027027027,61.67886713
75,61.38673939,51.96394104,70,0.099342586,0.02173913,84.34375006
25,15.39113047,0,46,0.076007326,0,49.6676717
30,31.75152487,0,52,0.10181311,0.052631579,55.67259702
40,5.79217953,0,53,0.125974026,0.047619048,57.52482642
145,139.0944413,240.7931946,123,0.190930788,0.050847458,121.4209587
125,107.0440037,206.5068882,124,0.206790123,0.078431373,122.7020323
260,174.4938619,686.0967344,241,0.221467391,0.079365079,130.6410073
220,484.6481395,555.7338158,173,0.18597561,0.103448276,149.5145388
50,139.427661,135.9853028,133,0.124161074,0.069767442,114.0756936
215,158.4862654,0,67,0.205479452,0.06779661,115.922516
160,167.7192521,229.3198587,137,0.203356367,0.077922078,118.0112086
230,398.1095864,361.7304451,197,0.233502538,0.02739726,147.9430848
185,328.7603307,256.3467195,109,0.247877759,0.103448276,133.7758992
95,119.1233553,194.5584188,113,0.187311178,0.068181818,99.5300572
215,84.72866368,293.0588522,122,0.218421053,0.074626866,148.4746663
220,227.8828263,396.2948735,162,0.183150183,0.102941176,143.6296343
190,209.638024,487.6294823,159,0.219088937,0.06779661,134.9658454
215,315.9010102,302.9471351,172,0.29137931,0.111111111,150.063497
190,128.4131742,472.8845449,158,0.210826211,0.03125,125.0076362
60,18.7524373,63.10485301,88,0.166863905,0.025641026,90.85616191
75,51.30921603,0,120,0.165986395,0.076923077,98.44201147
85,101.5735563,76.83499913,53,0.186544343,0.048780488,95.81902721
75,37.36307277,108.3938232,100,0.152985075,0,95.61157683
100,77.30540713,55.04226201,195,0.289198606,0.046511628,121.5286756
80,60.62662728,77.75366342,108,0.150847458,0.03125,118.905896
170,382.3468565,112.9109193,142,0.224209078,0,163.5977114
205,309.6614023,190.3067483,207,0.211670481,0.078431373,158.8765536
130,61.05010281,210.5845472,115,0.183448276,0.090909091,115.4956241
185,153.0647957,282.2418913,150,0.208563536,0.111111111,132.4367615
165,108.9963067,312.1229807,123,0.227330779,0,119.6831498
145,75.3281884,174.4722836,102,0.188102894,0.037037037,112.5456167
115,114.609066,198.1663014,109,0.201101928,0.083333333,117.8105307
150,141.2854755,473.5196273,92,0.22542595,0,119.6934211
150,173.7450163,226.2137234,144,0.225536993,0,126.7001647
115,70.6158469,64.66388776,78,0.215462611,0.021276596,115.9526409
120,34.2851601,285.4754644,117,0.168238994,0,104.7909336
105,100.1368519,355.3876331,102,0.129321383,0.047619048,131.4299585
125,127.7857358,469.4955695,99,0.21182266,0,111.1475476
125,279.461981,331.3927125,97,0.208130081,0.0625,141.9298124
85,47.0705595,183.6847832,64,0.183574879,0.085714286,84.17759372
40,31.71794727,0,70,0.128803245,0.037037037,79.08977309
110,126.6370569,0,91,0.204976303,0,109.7699324
50,42.53373195,22.18976258,95,0.121621622,0.03125,61.08706536
95,12.832392,86.55649211,92,0.147169811,0.045454545,83.71321337
110,131.2574232,189.6360736,82,0.234910277,0.037037037,103.3101467
75,109.8032369,65.39553612,96,0.136363636,0,71.39808375
65,126.6868308,41.64662807,128,0.129066107,0.046875,90.2192942
140,71.62889594,97.03773058,198,0.122231337,0.032786885,94.70195267
105,61.53651133,208.5646598,119,0.17628866,0.071428571,106.5010149
135,196.7133829,149.850131,153,0.145969499,0,95.63201162
100,76.8803035,123.5687315,107,0.12710084,0.032258065,77.73169736
65,155.2317287,14.92267835,96,0.118924509,0.049180328,82.18515323
65,182.0476194,120.2140194,61,0.133492253,0.037037037,65.51762197
140,127.2104487,166.239718,119,0.186881188,0.04,76.93714004
100,89.69625147,63.64246041,84,0.131131131,0.015873016,63.22538537
195,364.7947912,666.9137593,248,0.158008658,0.086956522,141.4366858
40,61.32076594,0,90,0.083333333,0,41.23448821
20,61.94656482,0,37,0.064896755,0.045454545,33.93745603
30,28.44690578,19.46255246,71,0.088372093,0.054545455,40.89239412
25,27.58684525,35.70886903,60,0.093357271,0,50.3142197
40,85.53651167,0,76,0.119302949,0.058823529,64.05589938
50,56.81546131,0,115,0.160599572,0.034482759,70.01558942
40,49.59405522,78.54393807,97,0.133089133,0.01754386,56.66603476
40,5.729412833,35.85011301,69,0.112922002,0.035714286,48.02932083
40,20.68860415,0,63,0.110011001,0,53.80087004
30,20.34641268,0,55,0.119176598,0,56.11367698
30,31.18674613,78.33244266,64,0.097023153,0,55.13631407
30,8.904192756,0,31,0.120155039,0,47.07317312
45,13.2323553,0,94,0.127272727,0,73.70936849
55,63.9316773,182.8807748,107,0.164210526,0.071428571,69.61178874
20,39.26672746,0,49,0.087011349,0.047619048,52.30819789
70,126.476394,40.13656494,83,0.129449838,0.046511628,65.55296438
45,59.44527152,0,76,0.127147766,0.057142857,58.87904835
20,42.86208127,29.91176876,24,0.095588235,0.034482759,48.97903695
30,12.2400884,0,52,0.105137395,0.041666667,53.7635408
20,16.86301247,0,69,0.098092643,0,55.85789281
25,4.976975793,0,95,0.090407938,0,49.06662931
25,9.144347194,0,50,0.107505071,0,49.29427785
20,37.36682618,57.82913445,45,0.091457286,0,43.75868914
155,190.0372046,335.0806637,97,0.207440812,0.0625,104.8119795
110,148.0104855,39.70758587,91,0.168846611,0.058823529,113.5364065
85,96.02701648,93.70205023,96,0.192922374,0,92.18863769
50,115.9567172,35.78691734,79,0.142098274,0.03125,74.01415003
70,60.32543157,126.5935507,83,0.130081301,0.074074074,80.12420463
85,33.04745756,0,84,0.174033149,0.041666667,94.51576799
160,220.7654251,616.4478513,141,0.228650138,0.081632653,106.9854535
120,157.0402088,180.5573978,100,0.201834862,0,109.9748975
100,101.5200997,0,58,0.139784946,0,93.07118026
65,49.40594918,0,115,0.122580645,0.050632911,107.0651736
30,27.73529871,0,41,0.102040816,0.019230769,50.04088776
55,37.77281129,51.25190713,40,0.12605042,0,56.51835495
40,25.35204938,116.5944483,53,0.134146341,0,58.47984959
20,21.0366708,0,54,0.115987461,0,54.69406585
30,8.131284368,77.23046527,40,0.139575972,0,56.58948628
25,38.31626667,0,69,0.132190942,0.052631579,49.55855766
30,10.26367199,0,78,0.120317821,0.04,55.07540519
20,86.19704899,0,55,0.112,0.028571429,52.56103602
30,24.82720966,65.94691568,77,0.098330241,0.034482759,61.152501
25,52.18492184,0,43,0.10106383,0,53.24205537
15,7.366285162,0,74,0.070093458,0,45.7744528
20,5.298268754,0,54,0.106861642,0,55.52844592
20,36.64260811,0,49,0.134517766,0,51.79120352
55,42.70111977,0,58,0.130477118,0,87.5867514
70,5.91935353,0,67,0.142191142,0,102.2215357
80,33.1285528,92.72828359,78,0.162162162,0,88.00744949
35,16.52204104,0,60,0.121673004,0.058823529,69.47137924
60,36.75613819,66.88844271,65,0.154010695,0,79.14546639
45,25.73491336,0,54,0.14709236,0,69.79855009
105,58.2880122,64.9421387,113,0.178907721,0.074074074,103.7065273
165,177.2958868,112.4561895,148,0.176470588,0.03125,136.6831131
175,261.0706291,170.0388569,128,0.170989433,0.077922078,137.3928395
170,148.8091949,332.2500676,111,0.183804627,0.058823529,134.2677301
145,232.4781323,263.5843534,150,0.162601626,0.053333333,154.9664615
150,205.5210908,216.110077,110,0.199095023,0.102040816,130.6983241
140,125.971043,134.168201,99,0.185495119,0.074074074,121.073932
145,182.259597,124.2959627,95,0.193548387,0.055555556,113.2067666
100,143.6542295,347.0425283,102,0.160283688,0.026315789,100.7729959
185,239.3513907,232.3379695,126,0.202502844,0.03030303,173.7016305
135,156.7662331,136.0052842,113,0.206650831,0.046511628,145.556603
125,53.55373163,46.74409375,87,0.226688103,0.117647059,138.64845
160,143.7232429,345.4082629,125,0.229910714,0.052631579,130.519431
135,325.8818486,187.3067418,157,0.203892493,0.022727273,121.1141104
140,47.35395919,165.33694,114,0.198945982,0.052631579,111.4337171
75,45.35331198,0,79,0.148514851,0.071428571,85.84094337
260,257.8100828,571.5841571,95,0.247875354,0.061538462,143.9403294
175,148.7236325,521.6884255,143,0.218068536,0.018181818,134.5839901
120,89.8442111,201.7216557,84,0.182634731,0,111.1090197
115,28.17452096,0,186,0.207126949,0.073170732,85.35503244
65,62.75560145,0,136,0.169642857,0.043478261,78.06033976
60,12.58346133,35.45399306,411,0.111111111,0,88.68936761
35,23.76623271,0,79,0.108614232,0,50.84866743
60,73.10792837,145.5235265,44,0.142174432,0.037037037,64.16960084
80,89.37418406,0,176,0.209223847,0.041666667,87.89177128
50,53.98641647,0,113,0.17961165,0,57.82999073
75,24.74519568,0,167,0.204272363,0,65.54942823
75,17.44741772,0,71,0.118584071,0,79.22887424
150,207.3165961,158.5846861,106,0.231316726,0.033333333,123.8922176
120,160.6222015,416.1027883,131,0.180746562,0.020833333,111.5829214
115,144.6054078,162.9096496,72,0.179083095,0.027027027,107.6255299
100,90.40234463,0,85,0.138823529,0.028571429,101.8603956
115,61.29189062,383.0185028,115,0.159395973,0.071428571,103.2585746
125,106.0739846,112.5231818,117,0.184210526,0.034482759,126.7510902
65,30.95691289,0,137,0.142147117,0,76.70934053
35,18.54575449,0,74,0.10295858,0.045454545,65.81848104
65,100.832394,0,68,0.128140704,0,66.09021336
50,21.24067205,0,66,0.099378882,0,62.74543539
50,174.7993234,247.4076493,56,0.113557358,0,65.345465
80,64.26934388,30.0213772,98,0.1272509,0,86.60180373
30,12.35843374,0,50,0.126631854,0,61.85895074
45,91.15712704,161.7243715,47,0.131277533,0.024390244,69.29662201
150,162.1381805,229.5440007,154,0.248612653,0.03030303,119.9878894
120,148.152823,624.1231916,121,0.1774942,0.083333333,110.9362932
50,42.54736924,40.83678014,62,0.150058617,0,64.88160842
65,86.68659245,32.12329758,68,0.122739018,0.038461538,57.90348743
25,103.5277853,55.37622398,50,0.105855856,0.033333333,52.68076
40,88.67836733,104.8166824,90,0.102439024,0,51.91732533
45,69.25194314,108.5103132,66,0.075363596,0,50.78175075
20,79.08372366,57.33971933,84,0.069666183,0.03125,66.21841025
100,61.42582725,54.55908368,127,0.14013346,0,60.99073554
40,32.59117255,91.71540969,83,0.089795918,0.071428571,42.2690305
25,0,28.55753822,67,0.07881137,0.060606061,42.50009245
35,12.83149606,37.5220295,50,0.111254851,0,63.62527898
35,22.14910242,0,54,0.116719243,0,66.59069331
45,6.694722425,0,126,0.134062927,0.090909091,53.04208064
50,21.74541161,77.31232983,134,0.165697674,0,56.90849488
40,6.632298972,0,70,0.100244499,0.05,82.27954394
30,13.08836367,16.68535421,67,0.085059172,0.040816327,34.86978515
65,169.2196439,26.08541872,98,0.108254398,0.027777778,64.12373419
35,54.99875515,63.61009694,85,0.126302083,0.117647059,49.74090515
60,40.73573325,61.06134604,71,0.120058565,0,71.75791046
35,85.53503799,27.13521915,99,0.105855856,0.111111111,63.71463584
15,18.42969082,0,101,0.072642968,0,38.85223011
25,15.34343405,0,68,0.084724005,0,49.67149584
15,26.28069934,61.53969303,21,0.075630252,0,37.89679737
30,22.70592651,0,100,0.084291188,0,53.11521108
20,23.12000926,26.21623372,74,0.095118899,0.058823529,34.13802028
15,23.76884869,58.98725506,66,0.078608247,0,33.2709119
25,10.11229744,0,45,0.101727447,0,49.74221747
10,11.66258563,27.31450158,33,0.085987261,0,48.88414526
50,23.86879256,0,106,0.11965812,0,52.60960386
40,113.5305986,0,84,0.11754386,0,44.46962379
20,27.2465261,56.45398322,59,0.090909091,0,40.19287192
35,47.10826641,42.49822387,114,0.131147541,0,46.99810226
60,22.60448203,33.17298336,102,0.121212121,0,64.25485357
50,16.80707045,0,93,0.118243243,0,55.05719624
35,63.5230226,66.379466,61,0.109243697,0.05,48.5821009
55,52.15562223,106.4630245,89,0.113557358,0.060606061,55.07530477
105,124.3207327,20.62924449,161,0.104918033,0.05,94.61349354
55,66.76170159,35.99229497,63,0.137931034,0,67.6756119
35,82.50736736,0,67,0.085948158,0.095238095,55.47942122
35,5.939569899,0,100,0.117433414,0.028571429,46.67943976
40,6.30435016,33.44967116,74,0.113500597,0,57.52481433
45,21.20464271,0,67,0.122783083,0.022222222,56.25136454
75,45.32381816,0,109,0.154109589,0.033333333,80.82578964
50,149.1705508,200.8739374,72,0.122162162,0.074074074,59.87479565
25,26.83243919,0,39,0.107358263,0.042553191,45.98777427
15,26.35161117,0,66,0.086907449,0.023809524,41.17386096
20,27.51709682,20.90218227,44,0.0943194,0,49.7419676
35,21.32159964,0,62,0.09375,0,38.91045759
75,35.24544558,0,59,0.117166213,0.085714286,63.05390841
25,7.246127964,0,71,0.082294264,0,57.33072329
45,65.25562197,64.63554528,54,0.104377104,0.06122449,48.44743462
35,69.76218154,0,37,0.124386252,0.055555556,47.66822336
50,94.96618476,122.8896203,112,0.120938628,0.12195122,65.6776003
80,84.24759976,33.6169219,163,0.184238552,0.111111111,65.23712849
90,52.52065762,103.2259457,102,0.162698413,0.020833333,65.72829274
85,149.9207288,199.7008869,100,0.126971609,0.08,75.39474578
140,134.4230554,172.1029321,101,0.197463768,0.057142857,68.75077499
130,94.75679497,92.82534489,102,0.147712418,0.043478261,80.95231872
115,86.44393898,62.67856659,130,0.1565762,0.02,71.55662607
115,68.50520963,20.1701693,119,0.124843945,0.128205128,65.91790542
165,121.2936216,262.0950386,133,0.187116564,0.054054054,106.5358215
115,54.4487213,121.9290901,109,0.153846154,0,77.88085936
120,112.9783648,144.8098221,85,0.141605839,0,81.26291489
105,187.1472347,183.2580187,77,0.163690476,0.025,94.36219055
40,70.1003071,38.28872367,68,0.104864865,0,59.64574184
90,78.91962403,80.90539365,77,0.125708885,0.081081081,64.01284095
95,71.91378649,93.5102232,199,0.154246101,0,69.00287717
115,202.693398,379.4937255,85,0.151955307,0.05,99.34412118
80,64.67358683,75.55473078,102,0.139082058,0,59.85886754
90,101.899343,126.0362946,75,0.118842846,0.019230769,62.59496466
35,18.10700351,20.54231394,118,0.090648855,0,42.75615474
55,43.16162909,121.2808767,49,0.121,0.032258065,51.48397083
40,17.55561441,58.76382024,75,0.0906298,0,44.93998742
20,39.23829991,0,75,0.077067669,0.1,50.09513676
40,64.43837723,0,76,0.107806691,0.055555556,43.11578646
55,97.33766714,55.21549952,126,0.115598886,0.047619048,53.68753705
40,31.23161573,56.53681038,94,0.119302949,0.076923077,47.18501458
75,90.37999854,16.12662319,125,0.118070554,0.020833333,64.28053204
75,90.61213129,126.6243192,111,0.11715089,0.03125,60.94833257
115,291.7509854,250.5103037,61,0.146699267,0.047619048,88.53850952
65,283.1883519,296.9186559,78,0.093278464,0.08,108.1983025
90,161.9315422,241.658416,119,0.107476636,0,87.40185127
105,385.3209668,251.0211,206,0.096412556,0.025,82.18113483
205,195.049678,537.0666698,105,0.144480519,0.038461538,99.84147709
100,80.35957698,230.6784121,67,0.137770898,0,66.8236784
125,64.11512466,0,109,0.136450382,0.026315789,76.93066848
110,82.31358316,23.90258113,81,0.128518972,0,71.3956537
155,168.0876109,398.3607967,149,0.161231884,0,86.30615011
155,249.4804057,265.4452503,110,0.187939698,0,84.96387829
180,260.3926844,247.7869073,93,0.186773905,0.034482759,113.9056955
155,89.27776988,200.1574576,127,0.188659794,0.022727273,113.6067695
60,67.29810404,65.98233875,120,0.104947526,0.06,58.0221208
60,20.3582612,18.3949429,50,0.147302905,0.040816327,49.89690619
75,93.79466156,39.0950093,67,0.124022346,0.056603774,79.93375628
60,104.7366208,89.26376799,62,0.130663857,0.054545455,60.45058494
90,90.27861988,14.43847458,92,0.128292268,0.014285714,59.55646913
70,98.05918803,126.8380451,28,0.157142857,0.02173913,60.13089586
60,105.2313823,143.5511088,62,0.164210526,0,84.48352534
50,86.69501966,34.38411417,60,0.103166496,0.016393443,70.32580047
65,34.68925378,0,116,0.110666667,0.040816327,80.60133941
20,20.77051529,86.69531072,67,0.088820827,0,47.49913951
35,4.295099519,0,51,0.129032258,0.023809524,63.34978511
85,27.37224276,0,65,0.130952381,0,77.36953179
100,98.18891111,382.0721959,114,0.160893855,0,89.42289833
40,70.50567094,136.5033089,79,0.105263158,0,61.8639916
175,197.3472966,109.0238156,132,0.191027496,0.050847458,208.6816325
120,62.19560015,0,96,0.130990415,0.068181818,67.34629904
215,135.7224553,455.9782531,221,0.209677419,0.073170732,150.0179339
185,54.59644255,96.79813487,557,0.204353083,0,126.211044
185,156.6242065,199.9155369,157,0.191780822,0.058823529,135.5665526
50,359.3277973,637.4582732,169,0.174193548,0.027777778,157.1544387
265,321.5065046,489.9134255,206,0.213347921,0.073529412,163.5260201
205,599.7428402,817.5678161,237,0.256716418,0.03125,157.0714892
215,70.2362496,142.6560611,190,0.176933159,0.038461538,135.3040127
520,174.5033722,104.4545597,232,0.203661327,0.057142857,139.7031712
180,205.6884486,82.35406243,136,0.218705036,0,126.7267189
210,361.8034093,616.2666682,174,0.297394429,0.078431373,152.3268837
205,107.7985226,356.072467,159,0.271860095,0.021276596,121.8884643
150,259.8532761,234.433056,101,0.177504394,0.038461538,118.8005553
140,100.2356002,240.6486689,116,0.225,0.157894737,119.8250708
155,57.20424738,59.90909133,81,0.242026266,0.0625,94.1154747
85,59.62020543,60.83344967,34,0.164677804,0.083333333,68.26599485
80,81.15341735,0,59,0.147001934,0.15,95.19406816
80,61.18381018,52.62790601,86,0.149903288,0.071428571,93.81037442
120,137.3032456,107.0031463,141,0.142592593,0.055555556,114.3797343
45,33.56277669,66.05037142,56,0.125603865,0,64.94414529
95,82.58995402,36.68014164,74,0.155172414,0.052631579,89.03073028
45,53.10088935,40.14196869,59,0.120805369,0.05,55.29546456
60,48.71759745,32.01770198,108,0.150527325,0,83.07179048
65,132.9533832,40.52581776,77,0.139107612,0.037037037,89.39395912
25,31.463073,0,89,0.094117647,0,60.00861882
55,27.05941881,56.11287658,141,0.146953405,0.034482759,69.92833891
115,99.05358368,99.02983242,100,0.153169014,0,99.16190686
40,34.37818883,0,102,0.120879121,0,63.61727182
85,107.7441514,50.31864529,73,0.154420922,0.0625,73.88405594
115,65.98505868,0,105,0.21749409,0.076923077,93.82837347
135,102.0297628,206.0768894,109,0.152459016,0.032258065,96.50920505
75,74.48645121,26.9081827,92,0.196636481,0.047619048,77.88367376
75,57.41651273,49.77204818,64,0.15640599,0.074074074,73.11330974
45,33.67900477,33.82592319,67,0.113974232,0.130434783,66.19513537
60,38.84972058,47.39066035,92,0.120160214,0.038461538,79.55246384
45,23.29863168,44.4888196,49,0.126353791,0.041666667,71.9655861
40,5.961576499,0,97,0.107487923,0,54.36387084
65,8.399216769,0,48,0.169312169,0.105263158,68.46669283
30,42.12736946,0,46,0.110091743,0.066666667,70.56503022
50,39.86871618,37.25151387,74,0.124064171,0,58.73613869
80,66.63439564,127.2365298,73,0.192842942,0,114.5620509
90,195.6788566,132.0599732,95,0.151111111,0,123.9005786
90,205.1121288,323.5284645,87,0.176036866,0,96.67692007
45,10.3252168,0,110,0.115789474,0,56.2997865
140,221.0895765,330.7548838,96,0.18997107,0.058823529,116.9433681
55,28.13103668,0,71,0.135353535,0,62.26669679
35,42.73926659,0,43,0.107413011,0,71.84170796
45,56.55803924,0,66,0.138075314,0,65.81865264
55,18.86921406,175.3520151,59,0.140226629,0,65.30517931
125,39.93643743,220.8365836,105,0.194489465,0.047619048,101.9618682
190,166.637814,348.2939103,125,0.280263158,0.035714286,140.3544966
175,251.1083131,185.34244,123,0.17844523,0.055555556,109.6623838
85,169.8674356,178.3532212,166,0.149925037,0.027027027,88.70416135
135,227.0856131,276.4120414,123,0.16185567,0.032786885,107.5541662
145,167.0820665,396.5723402,85,0.22172619,0.088235294,122.772582
265,541.5834256,564.2031196,476,0.285245902,0.045454545,188.6203873
180,226.2178416,601.4551445,131,0.236342043,0.023809524,153.1021537
195,219.601236,283.1071782,153,0.241962775,0.074074074,143.0715207
245,259.2991002,702.4508372,170,0.257231405,0.075471698,143.5633804
100,258.8296172,26.49392584,137,0.137755102,0.162790698,96.94289481
55,172.4605051,50.17773118,87,0.152941176,0.045454545,98.19692932
50,176.0499852,24.76115935,67,0.10845987,0.022727273,71.32345373
65,61.86941377,76.3045867,102,0.152517986,0,77.6536702
60,232.2090789,135.6796865,95,0.137772675,0,108.3310013
75,84.07709623,0,102,0.155445545,0.034482759,71.86451767
80,48.07805738,0,54,0.163339383,0,80.83177029
95,131.6936135,109.062159,273,0.183121019,0,97.62920739
110,40.47446019,0,40,0.113062569,0.051724138,59.50790677
60,31.6772658,18.92258887,9,0.083148559,0.01754386,49.32719576
70,70.70122115,194.0961161,92,0.09009009,0.027027027,81.70073445
50,69.28506965,153.8890327,85,0.147959184,0,94.08631203
115,133.6695605,224.4314716,147,0.170313987,0.055555556,109.0870616
170,80.89241448,293.3007146,199,0.228665208,0.050632911,107.4434941
90,111.0902096,257.8956229,76,0.140786749,0.066666667,72.7736715
170,247.8302966,293.0555355,171,0.228070175,0.090909091,121.9350183
205,267.887233,421.2560783,147,0.227106227,0.050847458,149.4605464
90,115.1263855,79.71062201,104,0.148387097,0.013333333,80.71786801
55,11.90927993,0,51,0.103773585,0.021276596,47.39160912
95,143.4354067,107.9509444,79,0.11130742,0.028571429,68.70443754
85,341.7696457,214.837051,160,0.168059424,0.018867925,114.2957201
105,123.2065168,315.7924126,135,0.173051519,0.056603774,92.32478175
80,31.44367536,34.48616017,48,0.085953878,0.071428571,36.79549934
30,53.88116842,113.64468,166,0.169724771,0,66.313382
200,162.1714446,266.1219481,159,0.216409037,0.066666667,129.2622123
95,231.1611786,371.6821364,90,0.168958743,0.074074074,98.34333804
285,349.2670847,871.9625751,244,0.24863388,0,140.1157911
80,65.61695333,20.94611146,162,0.107594937,0.022222222,79.73924551
170,210.3722542,488.3890023,118,0.216383308,0,126.3129567
165,183.9015967,207.7118821,178,0.202962963,0,99.92528793
60,45.41941525,219.7382342,63,0.112097669,0.017857143,67.96526722
100,80.53362471,145.8230418,165,0.183377309,0,111.2320488
155,208.9306503,379.4041897,97,0.146868251,0.071428571,116.6873279
150,123.8716663,466.1485577,133,0.196078431,0,137.0430739
80,73.38848433,118.0870427,117,0.126019946,0.03030303,70.16698148
85,450.5175308,253.5539025,155,0.150744961,0.081967213,118.023048
95,128.8469716,53.47264437,120,0.12936345,0.038461538,90.13183973
100,62.9780517,108.062,111,0.130489335,0.014492754,70.00287057
80,96.91568457,22.89178457,206,0.09383378,0.026315789,80.92381354
65,84.18961095,68.88359737,69,0.108309991,0.012820513,60.09306509
80,64.65298282,49.57536873,100,0.124593716,0.053571429,76.67307411
120,220.7891438,115.7804291,159,0.129064039,0.048387097,111.7603677
130,443.3438162,184.4245859,131,0.141806723,0.018518519,128.2324011
120,182.5479721,184.3544977,240,0.234836703,0.04,90.41848055
60,233.6024048,54.13555532,69,0.096308186,0.021276596,77.62813052
70,54.44724747,75.48425645,90,0.105940594,0.072727273,50.70749715
90,97.36376695,63.90691396,138,0.151948052,0.02173913,75.82028245
95,114.0487253,159.1689333,87,0.157446809,0.060606061,89.07445872
35,22.80100901,133.7772288,22,0.092257002,0,49.8359706
20,13.44009986,0,100,0.08815427,0.051282051,36.24991688
35,16.16117463,20.32248667,48,0.082497213,0.026315789,59.78505107
30,39.67428321,0,87,0.126361656,0.032258065,54.73942934
120,155.3822709,362.3651746,88,0.160481444,0.03030303,110.12747
65,103.9143627,273.2829207,62,0.125695217,0,70.52924087
95,136.609614,71.26960092,92,0.139407245,0.125,73.91851972
90,231.6586591,182.4968667,72,0.135972461,0,87.73826346
120,137.7549954,112.3601784,147,0.15403423,0.023809524,106.3695269
45,70.00035695,0,82,0.123798077,0.066666667,67.00898473
60,49.79126209,0,230,0.175033921,0.041666667,79.3627091
150,267.0640206,196.1675595,111,0.170044053,0,115.4320661
30,42.26113113,37.51676391,106,0.115921788,0.023809524,61.24379119
40,0,42.05190216,33,0.106796117,0,54.92789372
45,14.02816296,0,85,0.13561848,0.08,64.10457503
35,34.06100972,26.50903768,90,0.133472367,0.027777778,60.00219664
45,15.24877823,210.4202039,85,0.1352657,0,65.91008387
70,193.4470801,93.51592402,116,0.166894665,0,85.75188534
35,27.02931328,0,91,0.12,0,54.38559562
35,22.64015355,0,77,0.117714286,0.035714286,68.36207684
50,57.3704794,130.9471313,80,0.127544098,0.04,57.96602743
55,45.8628396,36.93926435,53,0.104039168,0,65.80779088
35,18.2798616,0,56,0.1334214,0,52.63873805
35,88.73356852,253.7371183,94,0.11662531,0.045454545,81.24337717
50,138.0881737,70.76822476,85,0.116431925,0,77.25350009
40,37.29038205,24.5527116,103,0.152249135,0.035714286,59.7994357
55,22.25928494,35.67675891,70,0.139056832,0.076923077,66.41165403
130,262.5102182,327.8987937,132,0.17888563,0.037037037,107.38709
65,94.45978771,72.35022816,84,0.106161137,0.013888889,61.82329878
45,107.5344835,16.83465931,66,0.131956912,0.06779661,54.24321905
60,70.59864253,50.79180437,61,0.094782609,0.054545455,60.18141952
35,51.9914998,0,73,0.107665805,0.0625,63.98646692
15,40.21807546,0,52,0.098101266,0,64.60433779
35,60.52848807,65.69898344,31,0.080448065,0,62.17964559
65,90.78877725,85.29941015,48,0.115025907,0.016949153,64.14685307
60,57.81309019,0,65,0.092265943,0.133333333,66.78932309
20,68.23519105,0,47,0.082324455,0.020833333,64.91879351
70,93.7941045,83.42691211,102,0.105865522,0.034482759,63.25270809
25,32.28096385,0,27,0.060897436,0,37.16939565
45,42.48529634,85.40411593,51,0.138763198,0,49.19112182
30,63.13450051,0,42,0.082132565,0,42.38890789
25,31.96066074,0,50,0.08739255,0,43.32111741
80,173.3078582,384.0580886,75,0.132206759,0.046511628,82.74977058
30,80.16312643,78.5472956,42,0.088477366,0,53.38177229
25,111.8146793,31.78995504,64,0.116472546,0,49.19334709
10,14.75465312,0,62,0.067596567,0.045454545,41.21777134
30,45.29119339,16.56908945,65,0.099107143,0.028571429,52.26820413
35,25.18254631,0,148,0.12908778,0,38.92045628
30,38.25097656,0,30,0.118954248,0.020408163,62.18885813
20,0,35.88787949,62,0.115517241,0.027777778,42.52852134
55,38.02920913,0,72,0.141459075,0,80.19805381
55,89.97721471,0,100,0.127071823,0.063829787,77.58954917
10,11.45992667,0,40,0.112113402,0,47.90880898
45,67.74337231,37.1053365,42,0.117708333,0.015625,64.38466185
40,49.80394898,0,122,0.119828816,0.027027027,85.58277319
35,31.62602543,0,59,0.056338028,0.017857143,60.68336462
35,27.40082837,0,58,0.086597938,0,58.57089814
20,34.24787752,0,83,0.095923261,0,52.66581315
15,28.00792049,0,35,0.084507042,0,40.0697888
40,23.03329368,41.77674474,52,0.089485459,0.125,55.01892289
45,42.67073382,20.23612021,60,0.106594399,0,57.14314107
30,38.51292019,0,88,0.107351225,0,50.38282685
15,53.8382761,0,76,0.082666667,0.021276596,56.60351497
40,27.02686142,0,33,0.098623853,0.020408163,46.84665338
15,62.89194022,0,43,0.08683068,0.0625,60.61946065
55,42.8777959,0,87,0.123497268,0.068181818,73.60737788
55,29.13595647,42.40455713,94,0.124542125,0.045454545,72.59221995
50,54.20086853,57.96497895,69,0.137417219,0,69.80016945
35,93.85695382,0,73,0.10940499,0,61.5291375
75,149.0357265,33.52986271,69,0.168661589,0.060606061,107.2125498
65,51.2086051,31.85170785,80,0.134911243,0.03030303,65.47738945
60,14.91237458,46.84115504,112,0.144026187,0,68.12943797
45,7.573031252,0,110,0.141965679,0,61.18540462
20,13.51802057,0,75,0.086666667,0.026315789,55.898834
35,5.192205108,0,135,0.148662042,0,50.77471613
30,51.88732272,55.55372894,54,0.112771739,0,61.68168451
25,10.71029288,37.35798474,77,0.087912088,0,65.758378
20,26.34511311,0,68,0.110989011,0.034482759,63.97370446
40,64.20688249,41.18376021,65,0.099611902,0,68.71195234
40,98.35488714,0,46,0.098283931,0,57.70355843
20,69.20209427,0,58,0.103078983,0,58.87724713
45,26.39864364,0,86,0.13086771,0,62.4509796
30,6.236103815,0,71,0.136546185,0.041666667,56.18545098
55,56.15490236,59.69253438,73,0.139442231,0,78.47363495
35,132.7847206,0,68,0.094142259,0,61.26162929
15,58.28088477,39.60998774,62,0.085489314,0,60.48562264
40,12.60943575,0,144,0.132318501,0,60.10744496
25,0,0,26,0.059259259,0,44.13376872
35,77.93136687,47.79628116,74,0.083670715,0,64.08281667
30,5.380087156,0,48,0.102181401,0.111111111,52.57862357
135,124.0341701,295.840649,123,0.204387991,0.073170732,121.366341
115,104.7531228,212.7006867,108,0.167381974,0.021276596,101.7297844
135,96.36067053,555.7377585,104,0.164414414,0.034482759,116.1363493
125,78.05849533,24.53828753,109,0.181818182,0,97.91882482
115,61.50941855,371.3286054,128,0.204806688,0.0625,102.3180733
140,89.95422609,48.84309514,129,0.146586345,0.025316456,110.2691592
160,256.0374071,349.56301,163,0.18257646,0.046153846,132.9815695
135,245.1408163,400.5297265,151,0.183046683,0.052631579,121.6926787
215,244.624781,236.8643826,126,0.203033839,0.086206897,153.5702118
110,118.7601111,673.1355622,79,0.179710145,0.086956522,100.2728918
85,18.94272765,36.10707747,63,0.169230769,0.081081081,106.1932281
115,11.5106155,56.44605217,91,0.143459916,0,117.8620747
45,27.54429949,52.33661313,356,0.090471607,0.015625,72.41103367
40,36.13929061,0,67,0.138817481,0,75.20296224
35,30.5912969,0,121,0.124285714,0.105263158,98.97194866
100,55.68711302,35.9320781,90,0.192702395,0.05,97.92387322
60,8.698114581,0,50,0.142367067,0.105263158,78.87992906
155,159.7695982,148.3614004,106,0.219630709,0.047619048,138.1075971
205,165.412384,454.2418035,202,0.235294118,0.037735849,102.2318862
195,460.1499605,566.433904,263,0.170984456,0,155.3749746
215,235.1220256,154.2771857,192,0.19434629,0.15625,189.0694196
50,42.26528183,27.94044729,73,0.125588697,0.031746032,64.07028063
200,239.7415515,484.9172612,148,0.213004484,0.02,190.9647524
125,206.624142,68.15915906,102,0.219230769,0.052631579,131.0932245
140,116.5638744,302.5025058,148,0.207100592,0.038461538,131.4187908
185,116.5472205,214.5068873,153,0.197505198,0,150.0818908
70,83.64856023,75.63469481,131,0.143053645,0.150943396,96.44555004
140,33.77909855,0,59,0.156896552,0.05,88.46264346
70,74.28084942,18.41674611,81,0.116210938,0,88.02170619
160,99.8395717,66.90414006,152,0.205095541,0.05,146.4539746
305,530.9515024,1166.860679,233,0.288209607,0.083333333,170.4028133
195,246.6792366,171.334333,151,0.24086758,0.128571429,155.3333398
140,138.7974773,205.0646699,173,0.173611111,0.083333333,119.2766603
95,111.54502,139.6868893,118,0.11957672,0.06,79.57149327
195,245.7450212,71.51528618,132,0.213313162,0.027027027,168.2755106
130,181.4845409,295.7347763,136,0.153571429,0.078947368,136.6472748
40,16.31430414,0,75,0.130801688,0.038461538,77.14152897
30,12.00726423,0,73,0.09382716,0.117647059,59.69863878
65,161.7079871,70.91232346,69,0.136579572,0,77.86625709
40,26.3197793,0,55,0.1125,0.0625,63.80888524
40,36.35218987,44.88971002,79,0.120204604,0.0625,70.40206089
25,15.00620766,0,53,0.109350238,0,53.07765992
35,28.44525284,109.1964648,62,0.095744681,0.130434783,60.76279789
35,25.74447728,0,71,0.11369509,0.076923077,52.99245456
20,16.26482082,0,71,0.091594828,0,46.162546
30,9.155719301,0,61,0.098765432,0,56.01366424
30,5.965064609,0,53,0.09475032,0.096774194,53.79748296
45,40.82296322,0,59,0.111231102,0,52.72763525
30,13.78487311,0,63,0.118848654,0,60.34039449
35,13.37308305,44.61512056,60,0.117563739,0.033333333,70.28395943
105,72.32572285,65.45147903,83,0.182513661,0,96.4502889
85,88.70335453,30.94882294,91,0.134796238,0.041666667,98.04283211
140,268.3959861,230.317565,90,0.212910532,0.019607843,121.2557179
120,339.8094084,486.5699122,141,0.236141907,0.018181818,118.1628113
125,122.4533097,130.2566634,97,0.203407881,0.093023256,98.23679456
130,108.8905667,133.7117822,106,0.180190931,0,117.3359306
55,78.41859948,0,52,0.1424,0,70.81676473
65,62.57095722,0,69,0.138134593,0.09375,56.48603092
85,49.10664005,89.3783515,66,0.159798995,0.034482759,78.09260542
140,108.1601017,32.00872248,94,0.173099415,0.033333333,97.03865379
75,39.3106049,0,78,0.161764706,0,70.25415516
15,22.82760563,0,26,0.084760274,0.055555556,54.56844086
35,26.72203992,41.00289971,47,0.134477825,0,49.13163853
45,36.02760306,0,54,0.126696833,0.0625,72.08614482
40,44.51663173,39.52575063,57,0.136690647,0,74.74541289
25,8.889595175,0,74,0.082551595,0,61.82250455
45,6.106455631,0,64,0.13538874,0,65.96912181
40,8.018980957,0,62,0.113597246,0,77.57182563
40,49.80778301,133.5676369,56,0.122807018,0.04,49.80181877
40,44.57259087,0,63,0.115172414,0,73.54679102
60,53.34168587,59.71856934,66,0.155172414,0,76.24599598
30,17.44316638,0,72,0.113152805,0,50.58520991
30,0,0,48,0.072625698,0.033333333,41.71385735
35,36.24854532,0,97,0.118226601,0,51.35146281
40,26.75493775,0,120,0.112128146,0.1,68.54167916
45,19.17179559,0,75,0.138259833,0.064516129,77.05507046
110,101.5972989,93.4280047,96,0.198924731,0,120.503996
30,9.070536494,0,59,0.091078067,0,48.31825487
30,0,0,61,0.129411765,0,71.14512417
40,16.49995153,0,76,0.133884298,0.045454545,58.36660484
40,79.44703718,0,81,0.129333333,0,71.03885513
75,89.49761009,87.389785,65,0.158450704,0.027777778,105.6797836
45,32.08829404,0,67,0.121212121,0.1,76.80047389
65,40.69682276,0,74,0.161691542,0.0625,81.691428
80,61.98808559,96.15515595,63,0.163779528,0,78.05277658
55,106.8314627,99.34659125,134,0.151401869,0,104.2046769
40,20.94569928,35.69947851,65,0.1232493,0,87.58892207
50,24.0083854,0,50,0.121890547,0.045454545,66.81647366
40,60.30165543,0,57,0.151741294,0.04,63.89007367
90,78.02692143,25.70799563,152,0.189079879,0.025,93.7827419
50,35.29845006,0,71,0.146456693,0.086956522,81.4917627
40,12.54902939,0,64,0.138666667,0.038461538,52.23712938
35,46.89963559,0,60,0.142857143,0,57.53027827
70,50.47868888,105.3941023,46,0.173357664,0.04,82.21410331
50,48.34581016,0,87,0.150186567,0.028571429,80.39922715
80,107.6733225,39.22583182,98,0.152368758,0.064516129,101.1728683
30,21.63693999,35.66477885,85,0.116666667,0.041666667,65.44926211
85,46.91009453,0,110,0.152970923,0.03125,126.6566242
90,41.97689335,0,90,0.135678392,0.06122449,107.7859199
160,91.19919433,225.3069531,110,0.199685535,0,133.7037977
85,160.0808416,0,117,0.183030303,0.076923077,111.1633059
40,30.76340684,22.68568478,82,0.105381166,0.025,69.33516651
65,16.39025411,0,87,0.126068376,0.111111111,92.57953426
35,25.81572172,19.55263434,88,0.109921485,0.032258065,85.67522516
40,29.3673987,61.6414428,68,0.116374871,0,70.61327448
65,36.09674757,43.17485898,107,0.155653451,0.055555556,65.79862232
55,34.77928937,0,65,0.134285714,0.027777778,79.81849934
90,20.92366967,0,78,0.168975069,0,92.56731186
95,94.51198353,154.8768723,124,0.177777778,0,91.9013336
50,161.7251171,74.2330023,54,0.151581243,0.066666667,75.6520987
140,79.75910136,177.747826,135,0.225446429,0.037037037,134.6060466
40,28.07195972,0,110,0.128431373,0,72.05041838
40,5.450785137,28.75498406,80,0.115034169,0,60.32011859
35,144.3641965,0,67,0.127829561,0,68.98551659
30,5.031895626,34.47767898,58,0.143652561,0.041666667,65.6208708
