Income_count,Employment_count,CIF,ALCOHOL,DEPRESS,EMERG,Attendance,Attainment,Noquals,NEET,PT_GP,PT_Post,PT_retail,crime_count,overcrowded_count,nocentralheat_count
35,15,35,18.35396926,0.133608815,56.82967034,0.917808219,6.2962963,27.84494339,0,18.44997229,11.60820233,12.0354615,12.00563498,17,8
10,10,35,91.97139782,0.138028169,70.38964159,0.946428571,5.80769231,23.60349052,0.04,16.79438595,9.184797501,9.49320089,10.00469582,7,10
25,15,55,86.31482271,0.104562738,92.34792066,0.957671958,5.5,33.86918688,0.07,16.06255269,7.229047658,7.489276224,9.004226234,30,0
20,5,35,0,0.143442623,78.5646451,0.942028986,5.8,30.03334727,0.02,13.71893915,4.72286769,4.959663878,4.001878326,2,0
110,45,95,109.8496286,0.185310734,100.7501062,0.89298893,5.16,87.80124792,0.06,14.6923252,6.992179549,7.228869418,12.00563498,61,6
10,5,25,15.30089765,0.13022508,70.50677552,0.994818653,6.26666667,11.49136684,0.02,12.83499997,7.384565245,7.847439617,9.004226234,17,4
20,15,30,52.13564918,0.11588785,66.57577621,0.945402299,5.82926829,30.93990066,0.03,14.82177322,7.881354615,11.02363118,18.00845247,27,3
10,15,30,16.46837283,0.116136919,49.47154382,0.901960784,6.4,25.51798962,0.05,11.07197004,8.504628921,10.83625759,6.002817489,9,3
35,20,20,20.85077966,0.062386432,42.74383997,0.939516129,6.10714286,39.4825738,0,9.390929187,11.67277183,17.99986111,19.00892205,31,8
50,40,100,136.4532718,0.232269504,117.3136286,0.878205128,5.44,105.445963,0.03,5.72003493,6.826396128,13.4890489,9.004226234,43,6
15,15,35,16.78790433,0.126605505,60.25310592,0.956228956,5.96551724,35.51118537,0.01,15.25156828,14.51084744,21.7703395,10.00469582,48,4
70,30,75,50.13018043,0.157584683,100.3684215,0.840659341,5.52631579,109.6163052,0.04,6.805110895,5.593838857,9.200906055,3.001408745,61,4
10,20,45,21.83137965,0.136094675,62.80258863,0.940639269,6,39.27445756,0.01,6.557972691,4.27677766,12.32519322,10.00469582,25,6
45,30,60,40.98350018,0.14600551,81.22669375,0.953367876,5.5,36.71476528,0.06,6.286831914,5.232747778,11.36275892,19.00892205,66,9
35,25,55,10.79647848,0.149643705,52.50957448,0.939393939,6,41.53892869,0.02,11.22265424,9.175973983,15.83434985,3.001408745,40,3
20,5,35,6.630255052,0.132681564,64.44099552,0.942528736,5.77272727,38.53259534,0.03,10.60388724,7.904622016,14.54001797,21.00986121,26,2
15,10,35,5.367791549,0.135757576,65.51284328,0.926174497,5.79166667,49.96417953,0.01,13.32387241,11.81731103,12.53160471,15.00704372,21,9
15,5,25,28.06839446,0.143774069,83.60782958,0.874439462,5.76,47.09169521,0.07,11.97883277,11.41043065,12.22622349,16.0075133,28,18
5,10,30,22.87253733,0.15,57.45362674,0.9,5.92,41.70915018,0.01,9.976240255,10.44414493,12.48451698,24.01126996,27,5
30,25,50,10.45231406,0.136131013,57.17472929,0.943877551,6.17647059,33.21999395,0.01,8.663985603,6.585614972,12.29663516,12.00563498,25,2
35,30,75,64.73810265,0.165075034,83.03452391,0.858156028,6.73333333,37.88203031,0,7.774866216,4.969521094,11.60469722,8.003756652,55,12
5,5,25,28.69592362,0.126849894,71.56736223,0.968085106,6.4,39.74718365,0,11.47497737,12.35695265,25.952167,7.003287071,36,2
25,10,25,21.54612687,0.106179286,51.18724792,0.971061093,6.35,10.29627159,0,7.152683128,9.0844375,25.26934816,13.00610456,30,5
20,15,30,41.91806429,0.109602328,56.23694325,0.942857143,6.45833333,12.19312915,0.02,8.509438315,10.01617866,24.21025579,16.0075133,16,3
5,5,35,9.92755448,0.102083333,50.79452345,0.968253968,6.2,24.09436586,0,6.949462339,8.924462384,23.37981719,6.002817489,11,8
10,10,20,7.127786998,0.135338346,50.29127154,0.969230769,6.21428571,15.68840059,0.03,6.769186051,7.801155452,22.20979276,15.00704372,17,12
10,10,20,15.39536185,0.099159664,53.91253056,0.990196078,6.7,29.78510613,0,7.021709742,5.651559276,11.87671396,22.01033079,9,4
15,5,30,23.78251923,0.112714157,61.67886713,0.946564886,5.94736842,46.77086823,0,6.835686164,8.983679025,18.06781543,13.00610456,57,6
80,15,75,61.38673939,0.099342586,84.34375006,0.909090909,5.61538462,69.34323813,0.03,7.502614224,9.608709152,19.89632616,8.003756652,95,6
10,5,25,15.39113047,0.076007326,49.6676717,1,6.4,17.62892033,0,6.028342184,7.555915216,18.40184832,22.01033079,13,3
10,10,30,31.75152487,0.10181311,55.67259702,0.945454546,6.23076923,21.02553371,0,11.84918142,10.15224451,14.29241471,18.00845247,14,11
25,20,40,5.79217953,0.125974026,57.52482642,0.920731707,6.2173913,53.58981412,0,12.78454959,11.04776476,12.42532455,29.01361786,35,3
250,105,145,139.0944413,0.190930788,121.4209587,0.755784062,4.63043478,142.2812159,0.12,8.013679324,10.43194024,11.78447798,15.00704372,125,14
145,60,125,107.0440037,0.206790123,122.7020323,0.793478261,4,128.9590111,0.22,7.580447639,10.20092046,11.21745772,28.01314828,116,11
250,175,260,174.4938619,0.221467391,130.6410073,0.686006826,4.47619048,208.1406433,0.23,3.309678104,8.013751781,8.949463646,63.02958364,159,10
270,120,220,484.6481395,0.18597561,149.5145388,0.76119403,4.83333333,170.6337242,0.21,6.462147424,8.022682181,9.328169615,33.01549619,163,4
55,25,50,139.427661,0.124161074,114.0756936,0.766839378,5.07692308,121.1411369,0.12,8.194071074,8.939841933,9.653666031,10.00469582,192,4
285,145,215,158.4862654,0.205479452,115.922516,0.712025317,4.71428571,138.5914102,0.08,10.5095793,8.365383812,9.082313315,33.01549619,168,16
280,155,160,167.7192521,0.203356367,118.0112086,0.743478261,4.58823529,165.8675208,0.19,11.09182491,6.189174975,10.73159499,60.02817489,213,4
305,220,230,398.1095864,0.233502538,147.9430848,0.74742268,4.52380952,155.4941447,0.32,10.97525701,4.833175778,10.94732272,38.0178441,203,26
130,70,185,328.7603307,0.247877759,133.7758992,0.785046729,5,162.3429967,0.2,9.836522009,5.473701376,10.03254868,23.01080038,120,9
135,70,95,119.1233553,0.187311178,99.5300572,0.838297872,5.14285714,134.4853259,0.16,9.94868205,8.772107552,10.0139487,43.02019201,118,19
220,165,215,84.72866368,0.218421053,148.4746663,0.715789474,4.96875,152.3850844,0.22,7.598785467,6.187240166,6.905229395,213.1000209,122,34
290,145,220,227.8828263,0.183150183,143.6296343,0.643333333,5,196.1796882,0.14,9.098142815,9.357869537,10.07362097,62.02911406,172,2
290,165,190,209.638024,0.219088937,134.9658454,0.634241245,4.625,186.2184879,0.17,8.905519699,8.929885111,9.650186079,83.03897527,167,14
200,135,215,315.9010102,0.29137931,150.063497,0.65625,5.125,188.0690855,0.14,10.35476957,9.442925614,10.55714521,29.01361786,62,1
190,130,190,128.4131742,0.210826211,125.0076362,0.700636943,4.73333333,171.7145466,0.34,9.661626847,9.451242481,10.28552236,63.02958364,141,7
70,30,60,18.7524373,0.166863905,90.85616191,0.720207254,4.8125,118.9116049,0.12,7.420794157,4.748811817,11.77761772,34.01596577,137,34
80,40,75,51.30921603,0.165986395,98.44201147,0.852631579,5.69230769,115.3555978,0.09,9.528018817,5.155859209,11.90189353,33.01549619,88,24
115,50,85,101.5735563,0.186544343,95.81902721,0.772972973,5.04,116.8488106,0.09,9.836088795,6.626202976,12.40545714,22.01033079,107,18
85,35,75,37.36307277,0.152985075,95.61157683,0.794642857,5.18181818,122.0673358,0.13,11.76254796,8.891885315,12.67451278,30.01408745,66,17
65,35,100,77.30540713,0.289198606,121.5286756,0.704545455,4.78947368,141.1757618,0.08,8.951445238,7.10625371,12.25910018,49.0230095,94,8
65,20,80,60.62662728,0.150847458,118.905896,0.766467066,4.71428571,125.5376936,0,6.865870887,6.587972135,12.82378672,39.01831368,89,3
200,75,170,382.3468565,0.224209078,163.5977114,0.651851852,5.15151515,165.3031683,0.09,9.552970464,4.448310517,14.02367786,26.01220912,158,14
235,125,205,309.6614023,0.211670481,158.8765536,0.720221607,4.475,164.7858388,0.19,10.34344411,3.953647948,11.11818757,29.01361786,190,10
150,65,130,61.05010281,0.183448276,115.4956241,0.676229508,4.56521739,142.9449936,0.09,5.384271719,5.803396355,14.55821781,30.01408745,163,4
165,95,185,153.0647957,0.208563536,132.4367615,0.686440678,4.36363636,142.7316282,0.11,5.672257137,9.126167845,16.17666424,18.00845247,127,14
190,110,165,108.9963067,0.227330779,119.6831498,0.707142857,4.35,160.3992622,0.21,9.545333681,7.278799729,14.23610721,32.01502661,113,24
145,60,145,75.3281884,0.188102894,112.5456167,0.784615385,4,145.2337641,0.08,7.287668066,6.502942614,12.04104904,20.00939163,114,3
150,75,115,114.609066,0.201101928,117.8105307,0.81147541,4.58333333,145.2545236,0.15,10.11305082,6.614842588,12.72875535,15.00704372,108,5
155,105,150,141.2854755,0.22542595,119.6934211,0.81300813,5.22222222,149.6151818,0.1,12.58463451,9.425164928,12.94693077,28.01314828,116,5
155,100,150,173.7450163,0.225536993,126.7001647,0.782945736,4.94444444,96.59555934,0.13,7.405752954,6.167955374,8.766294634,47.02207033,166,6
135,65,115,70.6158469,0.215462611,115.9526409,0.711656442,4.93333333,155.785738,0.13,6.915328208,7.760597113,11.73551834,16.0075133,107,11
85,60,120,34.2851601,0.168238994,104.7909336,0.641891892,4.5,122.7813449,0,8.561136608,10.15579061,15.98118625,23.01080038,137,3
190,100,105,100.1368519,0.129321383,131.4299585,0.770897833,5.13461538,178.6112535,0.11,3.749469017,6.856399394,11.50192266,128.0601064,123,16
100,55,125,127.7857358,0.21182266,111.1475476,0.810344828,5.1875,125.272375,0.24,7.31416128,8.02550889,12.44213367,32.01502661,77,22
110,65,125,279.461981,0.208130081,141.9298124,0.782608696,5.46153846,121.0022504,0.07,15.11204862,12.57551842,16.28401346,44.02066159,69,5
70,40,85,47.0705595,0.183574879,84.17759372,0.836956522,5.60869565,96.53163711,0.08,13.07257308,12.31221151,15.85530179,41.01925284,74,19
65,20,40,31.71794727,0.128803245,79.08977309,0.802768166,5.62962963,82.15688328,0.03,11.05830534,9.876007321,13.07164296,35.01643535,112,11
100,60,110,126.6370569,0.204976303,109.7699324,0.869230769,5.78571429,87.76676575,0.04,7.852416321,6.744071473,11.67336212,106.0497756,102,12
30,20,50,42.53373195,0.121621622,61.08706536,0.882978723,5.5,43.18343376,0,9.230421568,6.810480896,11.73183787,41.01925284,209,16
80,50,95,12.832392,0.147169811,83.71321337,0.798245614,5.15384615,91.38532539,0.11,7.658174177,4.728174139,7.503929999,14.00657414,114,19
85,50,110,131.2574232,0.234910277,103.3101467,0.741258741,5.05555556,110.0317681,0.1,7.908705649,7.71822583,7.683354831,8.003756652,66,17
110,60,75,109.8032369,0.136363636,71.39808375,0.703703704,6,68.08210676,0.13,7.378779298,7.243527409,6.301909246,20.00939163,184,51
90,50,65,126.6868308,0.129066107,90.2192942,0.791208791,5.46666667,81.63104355,0.06,6.214909718,8.330147759,4.233884048,26.01220912,176,46
165,110,140,71.62889594,0.122231337,94.70195267,0.762195122,5,103.2235341,0.03,4.629247897,8.068654721,6.560243612,26.01220912,161,40
115,75,105,61.53651133,0.17628866,106.5010149,0.821705426,5.05,77.73571911,0.07,7.0655264,5.459577586,6.704126678,62.02911406,180,27
125,125,135,196.7133829,0.145969499,95.63201162,0.6,5,98.75528782,0.15,7.86367733,5.079513095,6.64969479,48.02253991,193,102
90,90,100,76.8803035,0.12710084,77.73169736,0.714285714,5,74.93583358,0.08,6.06701179,3.086144794,2.894444432,38.0178441,371,155
60,65,65,155.2317287,0.118924509,82.18515323,0.774193548,5.5,51.47670701,0.05,6.423770892,2.072771972,5.178566899,15.00704372,360,187
60,60,65,182.0476194,0.133492253,65.51762197,0.909090909,7,63.15881939,0,5.891145021,3.101183239,6.491030484,23.01080038,289,159
105,105,140,127.2104487,0.186881188,76.93714004,0.808510638,5.14285714,74.53975846,0.1,3.076852318,3.309135343,5.232836826,43.02019201,270,110
80,80,100,89.69625147,0.131131131,63.22538537,0.893617021,6,53.86513641,0.05,3.029573268,4.240328786,5.4720557,22.01033079,372,123
95,85,195,364.7947912,0.158008658,141.4366858,0.752808989,4.83333333,128.4579814,0.03,4.908843198,5.699776091,6.544776195,12.00563498,124,7
30,20,40,61.32076594,0.083333333,41.23448821,0.829787234,5,30.54716738,0,5.551729824,5.114398736,6.533484408,3.001408745,92,11
15,10,20,61.94656482,0.064896755,33.93745603,0.810810811,6,35.96756037,0,6.918417333,4.592039383,5.703196785,12.00563498,160,46
35,15,30,28.44690578,0.088372093,40.89239412,0.853932584,6,24.81923473,0,4.91156661,6.530096001,7.107896126,18.00845247,127,39
30,20,25,27.58684525,0.093357271,50.3142197,0.959770115,5.75,26.44923936,0.02,7.014159282,8.773466705,8.430085547,6.002817489,113,46
20,20,40,85.53651167,0.119302949,64.05589938,0.925925926,6.5,21.50273729,0.02,6.410689216,8.079648501,8.642408591,4.001878326,35,22
30,15,50,56.81546131,0.160599572,70.01558942,0.952941177,4.8,16.20876456,0.02,6.015468395,7.178805624,9.372037507,10.00469582,81,28
50,25,40,49.59405522,0.133089133,56.66603476,0.918918919,6.1,27.48901541,0,4.359565228,6.595390185,9.007368933,27.0126787,74,26
10,10,40,5.729412833,0.112922002,48.02932083,0.945783133,5.92307692,15.73460265,0.02,5.79172153,6.606430691,11.93333147,15.00704372,20,6
15,15,40,20.68860415,0.110011001,53.80087004,0.940677966,6.2,25.29901572,0.03,4.701579453,5.438045723,13.01419022,15.00704372,61,6
15,15,30,20.34641268,0.119176598,56.11367698,0.951219512,6.04166667,31.28024138,0.02,8.840240076,7.289417842,10.71585002,41.01925284,55,11
10,10,30,31.18674613,0.097023153,55.13631407,0.977099237,5.75,20.96658033,0,6.210578926,6.413016447,12.10146412,23.01080038,18,6
5,5,30,8.904192756,0.120155039,47.07317312,0.897435897,6.2,13.36359757,0,8.030321798,8.172816872,13.73918811,15.00704372,6,2
15,5,45,13.2323553,0.127272727,73.70936849,0.955752212,6.41176471,30.00623747,0.01,6.611653658,8.31501054,17.01941599,20.00939163,23,4
35,25,55,63.9316773,0.164210526,69.61178874,0.972826087,6.33333333,16.61269384,0.02,7.982087862,8.286573875,8.373581433,22.01033079,21,9
5,5,20,39.26672746,0.087011349,52.30819789,0.942708333,6.13333333,14.2772537,0,6.265890189,6.569712159,6.679283767,7.003287071,35,14
65,60,70,126.476394,0.129449838,65.55296438,0.901960784,4.57142857,37.32202713,0.13,5.433546069,5.736159781,6.069386746,10.00469582,205,94
40,15,45,59.44527152,0.127147766,58.87904835,0.879120879,6.46153846,17.25873992,0,3.324901147,3.667031998,3.903354662,11.0051654,110,18
15,15,20,42.86208127,0.095588235,48.97903695,0.940298508,6.23529412,12.76263307,0.04,5.045458544,5.371370175,5.636392259,35.01643535,60,19
10,15,30,12.2400884,0.105137395,53.7635408,0.974193548,6.41666667,12.39316686,0.03,6.885117397,7.159196562,7.421891147,24.01126996,35,13
15,10,20,16.86301247,0.098092643,55.85789281,0.942222222,6.36842105,13.06151825,0.01,7.882578977,7.798489704,10.29887073,34.01596577,24,1
15,10,25,4.976975793,0.090407938,49.06662931,0.967272727,6.45238095,17.27070104,0.01,6.822764652,8.215937085,8.819856681,19.00892205,17,4
10,5,25,9.144347194,0.107505071,49.29427785,0.945054945,6.1,2.994991315,0,10.96811089,11.34080812,11.39815774,11.0051654,5,0
15,10,20,37.36682618,0.091457286,43.75868914,0.921052632,6.3,10.09036827,0.03,13.57595393,13.87936921,14.27010598,4.001878326,24,6
215,130,155,190.0372046,0.207440812,104.8119795,0.75,5.11538462,126.0685084,0.12,7.239959579,9.248304453,13.19105818,88.04132318,172,37
130,50,110,148.0104855,0.168846611,113.5364065,0.729257642,5.03846154,95.19406854,0.12,6.607238627,5.97865807,15.81458391,31.01455703,90,13
110,55,85,96.02701648,0.192922374,92.18863769,0.854545455,4.96296296,87.64184372,0.12,5.098661792,4.562476494,16.54209418,49.0230095,92,23
60,25,50,115.9567172,0.142098274,74.01415003,0.85,5.9,59.07824121,0.04,4.666735537,2.879283774,16.09567473,23.01080038,99,17
55,35,70,60.32543157,0.130081301,80.12420463,0.896414343,5.9047619,71.81207289,0.02,6.341725719,5.547208349,16.77029898,13.00610456,81,16
70,45,85,33.04745756,0.174033149,94.51576799,0.90625,5.82608696,64.80476215,0.02,4.545718263,5.857258252,14.32535908,8.003756652,80,33
195,115,160,220.7654251,0.228650138,106.9854535,0.819587629,5.15,130.1169277,0.18,3.775752776,4.220835599,12.14344621,59.02770531,150,26
140,80,120,157.0402088,0.201834862,109.9748975,0.805714286,5.16666667,137.5195888,0.1,5.231403782,7.04214566,12.35607611,31.01455703,111,19
70,35,100,101.5200997,0.139784946,93.07118026,0.857142857,4.92307692,112.008621,0.15,3.703047369,3.011647803,14.9909031,15.00704372,37,14
20,10,65,49.40594918,0.122580645,107.0651736,0.805555556,5.8,78.66743815,0.03,5.22313292,7.10313302,15.82208561,18.00845247,37,1
5,5,30,27.73529871,0.102040816,50.04088776,0.869158879,5.36363636,29.48369771,0.03,10.33606498,12.2160649,21.10251736,11.0051654,29,0
15,15,55,37.77281129,0.12605042,56.51835495,0.993006993,5.94736842,28.54450212,0.04,5.835680544,7.806759497,16.83434405,16.0075133,15,2
10,10,40,25.35204938,0.134146341,58.47984959,0.927419355,5.84615385,34.39934438,0.03,4.886898045,6.402434059,14.94292615,15.00704372,6,8
5,5,20,21.0366708,0.115987461,54.69406585,0.947368421,6.46666667,19.97725375,0,7.909910817,9.758424991,19.00895225,11.0051654,15,6
5,5,30,8.131284368,0.139575972,56.58948628,0.966292135,6.54545455,17.01975842,0,5.015018479,6.644086809,12.55218638,5.002347908,6,9
15,10,25,38.31626667,0.132190942,49.55855766,0.921686747,6.13333333,11.95442565,0.01,5.85010156,5.574623614,11.86310029,16.0075133,14,14
15,15,30,10.26367199,0.120317821,55.07540519,0.910828026,6.19047619,20.8054197,0.01,5.73681763,5.375243978,10.10090594,18.00845247,12,9
10,10,20,86.19704899,0.112,52.56103602,0.964516129,6.03030303,18.83663565,0.03,8.124633225,7.006156932,13.60844815,10.00469582,28,5
20,15,30,24.82720966,0.098330241,61.152501,0.935294118,5.96666667,28.7700353,0.03,7.623386429,8.200185762,14.04908713,13.00610456,40,10
15,5,25,52.18492184,0.10106383,53.24205537,0.960264901,6.2962963,32.52838519,0.01,11.15232444,11.89383784,17.87558108,3.001408745,16,4
5,5,15,7.366285162,0.070093458,45.7744528,0.946188341,6.1,10.82743014,0.01,15.02761871,15.38298625,22.25352962,4.001878326,21,12
10,5,20,5.298268754,0.106861642,55.52844592,0.929411765,6.59090909,23.02015648,0.01,7.576792823,7.823719396,15.0435745,8.003756652,34,3
5,5,20,36.64260811,0.134517766,51.79120352,0.975,6.45,17.21120412,0.02,8.70310799,9.571854813,16.65757456,19.00892205,13,1
50,30,55,42.70111977,0.130477118,87.5867514,0.798319328,5.65517241,67.71517819,0,15.07861387,15.30107687,15.04898508,13.00610456,65,7
65,35,70,5.91935353,0.142191142,102.2215357,0.849557522,5.67857143,88.1795281,0.07,12.15979334,11.93588348,11.82090122,15.00704372,65,6
80,50,80,33.1285528,0.162162162,88.00744949,0.855,5.34615385,81.56465231,0.07,8.250301944,6.78737916,7.81047793,32.01502661,112,23
20,15,35,16.52204104,0.121673004,69.47137924,0.92631579,5.7826087,51.3050893,0.06,13.1741697,13.89815781,19.13200503,17.00798289,49,19
65,30,60,36.75613819,0.154010695,79.14546639,0.859649123,5.38888889,52.43779198,0.06,8.735114355,9.455970502,14.50118147,19.00892205,104,17
30,25,45,25.73491336,0.14709236,69.79855009,0.801242236,5.7,47.46308249,0.01,9.133772777,8.136084397,13.03922943,20.00939163,43,12
70,40,105,58.2880122,0.178907721,103.7065273,0.742574257,4.61111111,84.4860669,0.09,6.744256609,4.540321976,10.44994788,57.02676615,69,7
285,135,165,177.2958868,0.176470588,136.6831131,0.699541284,4.39655172,189.6373308,0.11,9.691600802,7.703958897,11.19498162,49.0230095,288,14
275,145,175,261.0706291,0.170989433,137.3928395,0.701587302,4.8,168.6934613,0.14,7.838875401,4.468880348,11.94588554,44.02066159,235,23
200,115,170,148.8091949,0.183804627,134.2677301,0.666666667,4.56521739,137.4525191,0.28,5.422107971,8.074800754,13.3477923,42.01972243,149,13
285,125,145,232.4781323,0.162601626,154.9664615,0.677419355,4.71052632,167.985666,0.1,6.237618528,7.969784466,12.29592128,95.04461025,141,28
180,90,150,205.5210908,0.199095023,130.6983241,0.684647303,4.70967742,124.1785909,0.08,6.595219277,7.070016477,14.85998895,66.03099238,173,36
105,55,140,125.971043,0.185495119,121.073932,0.709090909,5.04761905,164.3461524,0.08,7.223807625,7.528076901,8.109510584,27.0126787,150,20
130,65,145,182.259597,0.193548387,113.2067666,0.61627907,5.04,151.8111752,0.07,7.243025692,7.721516421,7.407224592,20.00939163,123,11
90,40,100,143.6542295,0.160283688,100.7729959,0.680412371,4.86363636,134.1848987,0.05,8.445385676,9.731991906,9.215178046,24.01126996,136,16
205,120,185,239.3513907,0.202502844,173.7016305,0.773381295,5,144.2731351,0.09,8.180033333,8.769214812,7.889111082,33.01549619,122,9
185,95,135,156.7662331,0.206650831,145.556603,0.734782609,5.10526316,138.8171819,0.11,4.955364393,5.224942742,4.539933722,41.01925284,141,17
70,50,125,53.55373163,0.226688103,138.64845,0.702970297,5.41176471,121.0428763,0.03,5.320749631,4.769003398,5.512367951,15.00704372,67,15
210,110,160,143.7232429,0.229910714,130.519431,0.656462585,4.90322581,141.6636259,0.13,4.348849421,6.435322602,6.280860172,58.02723573,149,7
175,90,135,325.8818486,0.203892493,121.1141104,0.595307918,4.74468085,157.6365881,0.1,9.334812394,7.316547888,10.01605538,54.0253574,244,15
120,65,140,47.35395919,0.198945982,111.4337171,0.683453237,5.19230769,124.356212,0.09,11.73427434,4.938588701,11.73887777,31.01455703,142,3
75,35,75,45.35331198,0.148514851,85.84094337,0.736040609,5.21428571,84.81284617,0.07,9.926913735,9.408045444,10.22167081,37.01737452,78,12
270,200,260,257.8100828,0.247875354,143.9403294,0.585585586,4.85714286,193.5059362,0.26,8.307687497,7.666000009,8.620054693,79.03709694,167,14
275,150,175,148.7236325,0.218068536,134.5839901,0.653979239,4.87179487,182.1748516,0.18,8.343178988,4.335983318,8.672268436,65.0305228,247,24
100,55,120,89.8442111,0.182634731,111.1090197,0.686046512,4.41666667,98.71451656,0.07,7.752106087,5.978770269,8.453983793,63.02958364,54,1
100,60,115,28.17452096,0.207126949,85.35503244,0.777777778,5.13636364,125.5281834,0.05,6.093417745,7.589225787,7.555129463,13.00610456,63,10
60,25,65,62.75560145,0.169642857,78.06033976,0.855813954,5.52631579,74.4055223,0.04,8.060263489,9.84329036,8.890190633,27.0126787,50,1
30,15,60,12.58346133,0.111111111,88.68936761,0.843575419,5.875,46.62920867,0.03,12.53190232,12.44480849,14.54145646,20.00939163,35,4
10,10,35,23.76623271,0.108614232,50.84866743,0.890756303,5.83333333,46.99636482,0.01,10.378909,10.61069204,14.49847881,26.01220912,28,3
40,40,60,73.10792837,0.142174432,64.16960084,0.905172414,6.09090909,50.43944695,0.03,5.236974449,8.57329584,9.395388858,17.00798289,53,13
75,30,80,89.37418406,0.209223847,87.89177128,0.86163522,5.83333333,43.74770788,0.04,5.031456263,4.248399828,11.64398663,25.01173954,22,1
20,10,50,53.98641647,0.17961165,57.82999073,0.940740741,6,15.81931503,0,4.674317583,3.421631525,10.36144231,19.00892205,13,8
40,30,75,24.74519568,0.204272363,65.54942823,0.890909091,6.33333333,45.88711546,0.06,9.46576362,8.46796151,15.12541489,21.00986121,31,10
45,20,75,17.44741772,0.118584071,79.22887424,0.854166667,4.42857143,59.90835225,0.06,7.230608901,9.755904089,12.01089482,8.003756652,54,16
185,105,150,207.3165961,0.231316726,123.8922176,0.798816568,5.625,129.1380161,0.04,8.291222171,10.85330547,12.693915,14.00657414,155,26
185,110,120,160.6222015,0.180746562,111.5829214,0.68372093,5.22580645,131.8877556,0.09,7.392799001,8.715735242,11.2719705,42.01972243,124,23
105,50,115,144.6054078,0.179083095,107.6255299,0.861842105,5.06666667,81.61700721,0.02,6.428583505,5.651332428,10.03734573,30.01408745,133,10
130,55,100,90.40234463,0.138823529,101.8603956,0.720238095,4.875,87.47081187,0.03,9.251175746,7.155401621,10.86728754,14.00657414,141,18
120,55,115,61.29189062,0.159395973,103.2585746,0.679775281,4.68421053,106.3204787,0.21,9.835986637,4.277692384,10.16941482,17.00798289,106,13
130,60,125,106.0739846,0.184210526,126.7510902,0.771028037,4.875,138.198308,0.13,7.011812688,5.489568503,12.29336313,25.01173954,176,26
60,15,65,30.95691289,0.142147117,76.70934053,0.885245902,6.5,40.1480266,0,6.486690397,7.413022334,8.209548687,49.0230095,35,6
20,15,35,18.54575449,0.10295858,65.81848104,0.940944882,5.81818182,20.67541398,0.01,8.575006534,3.407303241,8.782128939,16.0075133,53,6
25,5,65,100.832394,0.128140704,66.09021336,0.95,6.38461538,55.24669602,0.03,9.564487314,5.89189738,10.32423083,13.00610456,10,1
25,15,50,21.24067205,0.099378882,62.74543539,0.925,5.78571429,25.93470205,0.03,9.972938,4.665171278,10.06663375,8.003756652,41,11
40,30,50,174.7993234,0.113557358,65.345465,0.924170616,6.04347826,43.1563264,0,9.450688698,6.362220812,9.567800358,13.00610456,64,9
70,45,80,64.26934388,0.1272509,86.60180373,0.838427948,5.20689655,53.73234776,0.03,10.63479605,7.052506604,9.599782918,53.02488782,106,12
10,10,30,12.35843374,0.126631854,61.85895074,0.976047904,6.55555556,20.26350815,0.02,7.036878202,7.246573731,7.924077,37.01737452,20,7
35,20,45,91.15712704,0.131277533,69.29662201,0.940789474,5.66666667,23.86238883,0.02,6.09348988,6.402605971,7.146729327,28.01314828,71,17
200,100,150,162.1381805,0.248612653,119.9878894,0.835294118,5.07142857,119.1852169,0,6.370066357,6.958406094,6.495033177,27.0126787,171,8
145,75,120,148.152823,0.1774942,110.9362932,0.830645161,4.90909091,122.7720993,0.01,4.813735341,7.060334573,7.340240549,17.00798289,181,9
30,15,50,42.54736924,0.150058617,64.88160842,0.90960452,6.18181818,49.29504297,0.02,7.114840909,9.221326651,9.998153381,23.01080038,40,10
50,25,65,86.68659245,0.122739018,57.90348743,0.802469136,5.46153846,41.26065285,0.01,2.748593167,7.4912813,7.791547206,12.00563498,185,17
25,25,25,103.5277853,0.105855856,52.68076,0.790476191,6.33333333,19.39708555,0.04,3.793511975,6.724839528,8.233683351,31.01455703,118,10
60,30,40,88.67836733,0.102439024,51.91732533,0.897849462,5.61538462,29.45805335,0.03,4.395731969,5.502021821,9.086077216,24.01126996,118,33
30,25,45,69.25194314,0.075363596,50.78175075,0.892307692,5,52.52524884,0,6.713982508,7.362019313,10.6043931,32.01502661,262,15
15,10,20,79.08372366,0.069666183,66.21841025,0.833333333,6.5,30.11185179,0,6.23103073,8.203907637,10.02435385,22.01033079,113,19
95,65,100,61.42582725,0.14013346,60.99073554,0.85106383,5.125,46.90429627,0.03,3.360086948,4.598334068,7.420104825,14.00657414,327,78
30,30,40,32.59117255,0.089795918,42.2690305,0.845360825,6.38461538,23.58188065,0.01,6.520297393,3.674833943,9.036420129,25.01173954,127,13
20,15,25,0,0.07881137,42.50009245,0.955223881,5.4,19.87305283,0,6.637938046,4.420391734,8.922931032,16.0075133,130,33
15,15,35,12.83149606,0.111254851,63.62527898,0.983050848,6.06666667,9.47220127,0.03,8.178768035,6.679041752,9.83435775,23.01080038,56,6
25,10,35,22.14910242,0.116719243,66.59069331,0.96460177,6.5,5.57992767,0,5.481277786,5.53659927,6.71215874,14.00657414,20,3
20,10,45,6.694722425,0.134062927,53.04208064,0.957317073,6.5625,11.50196227,0.02,6.185579165,4.068445464,6.462130539,18.00845247,42,9
50,15,50,21.74541161,0.165697674,56.90849488,0.925373134,6.26315789,13.41957499,0.02,8.883418594,4.48951381,9.216683752,21.00986121,46,17
25,10,40,6.632298972,0.100244499,82.27954394,0.950819672,6.42105263,8.378139481,0.01,3.147057813,5.924083113,4.461636233,21.00986121,88,18
30,20,30,13.08836367,0.085059172,34.86978515,0.954954955,6,22.88611489,0,5.723993734,4.667146352,9.237308242,21.00986121,216,77
60,35,65,169.2196439,0.108254398,64.12373419,0.892156863,5.5,27.78358148,0.02,5.998048764,5.603392155,9.335792727,9.004226234,200,28
25,15,35,54.99875515,0.126302083,49.74090515,0.898148148,5.90909091,26.1705018,0.02,5.30968359,6.246234343,6.407211779,20.00939163,133,25
20,20,60,40.73573325,0.120058565,71.75791046,0.931818182,3.66666667,27.85991317,0.04,1.895878897,7.521469678,4.196484532,13.00610456,187,27
20,20,35,85.53503799,0.105855856,63.71463584,0.933333333,6.54545455,17.11511585,0.02,2.839559825,7.363613309,3.700356767,9.004226234,204,33
10,5,15,18.42969082,0.072642968,38.85223011,0.845238095,6.57142857,15.409692,0,2.775088689,5.990750279,1.945375173,5.002347908,270,24
5,5,25,15.34343405,0.084724005,49.67149584,0.899082569,6,8.994038652,0.01,4.280910685,7.319297386,3.510193006,11.0051654,235,6
5,5,15,26.28069934,0.075630252,37.89679737,0.870967742,6.3,13.27304592,0.04,3.998501329,7.286278791,2.066400514,5.002347908,236,15
15,10,30,22.70592651,0.084291188,53.11521108,0.910714286,5.66666667,21.09362619,0,4.84350003,10.07507703,4.955250043,0,128,10
10,5,20,23.12000926,0.095118899,34.13802028,0.869565217,6.85714286,18.58456917,0,4.335546055,8.202849748,3.178085893,6.002817489,208,13
10,10,15,23.76884869,0.078608247,33.2709119,0.963636364,6,7.012406227,0.01,2.294766261,8.003116811,4.688766241,4.001878326,183,23
5,5,25,10.11229744,0.101727447,49.74221747,0.949152542,6.66666667,6.686137141,0,4.716498997,7.181702291,7.314081083,0,81,15
10,5,10,11.66258563,0.085987261,48.88414526,0.954954955,6.55555556,26.94559747,0.02,5.589672465,8.507924621,6.654260963,13.00610456,205,6
45,10,50,23.86879256,0.11965812,52.60960386,0.965517241,6.5,26.49754318,0,6.51025287,7.135691436,7.077227921,19.00892205,41,4
15,15,40,113.5305986,0.11754386,44.46962379,0.991452992,6.11111111,10.73795095,0.02,7.600383821,7.924877761,9.870959789,27.0126787,15,7
20,15,20,27.2465261,0.090909091,40.19287192,0.935483871,6.16666667,10.74880979,0.02,5.566474392,6.052505436,6.289991888,18.00845247,63,10
0,5,35,47.10826641,0.131147541,46.99810226,0.94,6.25,4.931411389,0,5.199038178,5.858300386,6.429202882,25.01173954,15,6
30,20,60,22.60448203,0.121212121,64.25485357,0.957446809,6.5,21.19977911,0.06,7.006460222,6.393849292,6.016095394,15.00704372,72,14
30,20,50,16.80707045,0.118243243,55.05719624,0.975206612,5.14285714,23.13543611,0,3.957460613,6.241208405,5.209781129,9.004226234,71,18
15,10,35,63.5230226,0.109243697,48.5821009,0.96,7,18.36106688,0.02,3.025575554,3.493363258,2.32974815,15.00704372,75,23
40,45,55,52.15562223,0.113557358,55.07530477,0.925,6.5,21.1453647,0,3.402468171,2.024592882,2.335178115,14.00657414,161,48
65,90,105,124.3207327,0.104918033,94.61349354,0.887096774,6.375,110.4585721,0.14,4.573605595,5.781497831,4.734934716,54.0253574,101,39
40,30,55,66.76170159,0.137931034,67.6756119,0.933884298,5.88888889,24.28693626,0.03,6.293697451,6.676121269,8.596276315,26.01220912,40,15
10,15,35,82.50736736,0.085948158,55.47942122,0.954954955,6.63636364,10.42983442,0.02,6.371753921,7.17306057,9.322455282,9.004226234,87,24
25,15,35,5.939569899,0.117433414,46.67943976,0.898148148,6.28571429,14.32237299,0,5.797435303,5.061894055,5.757258869,26.01220912,67,11
15,10,40,6.30435016,0.113500597,57.52481433,0.957446809,6,16.57197608,0,3.029500635,4.479692202,4.339279855,48.02253991,116,17
25,10,45,21.20464271,0.122783083,56.25136454,0.918367347,6.45454545,23.7066759,0,3.333584539,4.29223244,4.794668987,8.003756652,89,17
80,20,75,45.32381816,0.154109589,80.82578964,0.916666667,6,36.06171463,0,5.227696138,3.524335465,6.816159267,5.002347908,163,12
45,40,50,149.1705508,0.122162162,59.87479565,0.911764706,6.28571429,25.5109922,0.05,4.926779257,4.510878378,8.107204452,16.0075133,143,39
15,10,25,26.83243919,0.107358263,45.98777427,0.91509434,6.14285714,14.55912165,0,4.232110186,2.73080539,5.627738418,12.00563498,135,17
10,10,15,26.35161117,0.086907449,41.17386096,1,6.66666667,15.019318,0,2.604557618,1.982927281,2.189321209,9.004226234,192,27
20,10,20,27.51709682,0.0943194,49.7419676,0.938461539,6.2,11.44069079,0,4.261035464,3.663277887,5.136148027,10.00469582,160,28
25,20,35,21.32159964,0.09375,38.91045759,0.95,6.5,22.94563555,0.04,5.186622204,4.764164325,7.27056184,5.002347908,96,28
60,30,75,35.24544558,0.117166213,63.05390841,0.922330097,6.57142857,22.05944092,0,4.220415058,5.324494137,10.34627761,11.0051654,150,36
40,10,25,7.246127964,0.082294264,57.33072329,0.87962963,5.75,30.5876134,0,1.942642439,5.021242428,10.24615749,5.002347908,171,15
40,25,45,65.25562197,0.104377104,48.44743462,0.91011236,6.4,34.84776824,0,4.403232722,5.685012354,11.60500301,9.004226234,152,62
30,20,35,69.76218154,0.124386252,47.66822336,0.901960784,6.25,24.67691476,0.07,5.40038203,4.798404016,9.267559451,9.004226234,99,48
35,30,50,94.96618476,0.120938628,65.6776003,0.860465116,5.5,67.14328778,0,3.78690577,2.910651612,7.161946719,9.004226234,148,39
70,50,80,84.24759976,0.184238552,65.23712849,0.88372093,6.6,40.86277936,0.03,7.693382361,3.8617758,11.1453329,12.00563498,298,119
50,55,90,52.52065762,0.162698413,65.72829274,0.863636364,4.57142857,47.34207697,0,5.303416582,2.429343418,9.415177803,29.01361786,291,118
95,85,85,149.9207288,0.126971609,75.39474578,0.7,4.5,73.51395873,0.01,4.869323774,3.745357558,7.234044087,53.02488782,284,68
80,85,140,134.4230554,0.197463768,68.75077499,0.941176471,4,85.98034524,0,5.420956827,2.454726654,7.50331568,42.01972243,258,98
110,65,130,94.75679497,0.147712418,80.95231872,0.75,5.14285714,93.90917628,0.07,3.690102335,4.059839204,5.005555562,31.01455703,257,60
85,105,115,86.44393898,0.1565762,71.55662607,0.878048781,2.5,56.18912891,0.07,4.915288194,2.335122736,4.92308965,27.0126787,361,128
65,55,115,68.50520963,0.124843945,65.91790542,0.761904762,4.83333333,52.42678176,0.07,5.552189075,2.666105522,4.942016354,42.01972243,225,46
110,105,165,121.2936216,0.187116564,106.5358215,0.742857143,5.8,94.74622424,0.14,6.054138263,2.247375771,4.975333938,13.00610456,310,83
80,70,115,54.4487213,0.153846154,77.88085936,0.753424658,5.3,58.87213575,0.02,6.954637301,4.254234902,5.068878543,20.00939163,78,43
135,120,120,112.9783648,0.141605839,81.26291489,0.857142857,5.5,78.98370327,0.05,7.391485152,7.045130536,7.568631824,26.01220912,244,74
65,50,105,187.1472347,0.163690476,94.36219055,0.805555556,4.72727273,74.25746073,0.07,4.754548493,4.445139429,4.301987839,42.01972243,269,44
25,30,40,70.1003071,0.104864865,59.64574184,0.730769231,5.83333333,37.33218103,0,6.05881151,4.662844576,5.562398579,180.0845247,275,26
85,65,90,78.91962403,0.125708885,64.01284095,0.768115942,5.22222222,59.97584761,0.03,5.35968942,4.789921736,4.328964667,49.0230095,263,76
45,45,95,71.91378649,0.154246101,69.00287717,0.84,6,71.21326319,0.01,3.841919482,3.958449689,2.182892615,30.01408745,151,29
95,80,115,202.693398,0.151955307,99.34412118,0.864864865,5,70.50360254,0.01,3.73411351,3.243841654,5.63044917,102.0478973,292,76
50,45,80,64.67358683,0.139082058,59.85886754,0.692307692,5.1,41.361061,0.02,2.924226911,2.228595733,5.46297521,24.01126996,165,66
95,75,90,101.899343,0.118842846,62.59496466,0.752941177,4.81818182,52.38551738,0.01,3.39744936,2.723836439,6.278488603,53.02488782,303,72
20,15,35,18.10700351,0.090648855,42.75615474,0.861111111,6.14285714,15.43857669,0,2.942605636,2.757535246,5.413201682,12.00563498,258,38
45,30,55,43.16162909,0.121,51.48397083,0.793478261,6.11764706,18.85568087,0.02,5.029725665,5.360320182,6.97040662,40.01878326,162,25
25,20,40,17.55561441,0.0906298,44.93998742,0.88,6,31.64213289,0,5.140068512,3.461193581,9.169459859,14.00657414,181,69
5,5,20,39.23829991,0.077067669,50.09513676,0.769230769,0,37.08007725,0,4.067889295,3.403806206,9.152846058,22.01033079,201,7
25,15,40,64.43837723,0.107806691,43.11578646,0.869565217,5.6,34.95405449,0,2.774493773,3.372858381,7.778381697,42.01972243,260,34
35,25,55,97.33766714,0.115598886,53.68753705,0.730769231,7,56.27509327,0,3.87620512,2.443861542,7.04836215,24.01126996,246,52
25,20,40,31.23161573,0.119302949,47.18501458,0.913043478,5.75,45.80891784,0.01,3.439872464,3.433680749,4.98119895,38.0178441,205,41
85,75,75,90.37999854,0.118070554,64.28053204,0.804123711,5,40.12554944,0.01,6.677739648,5.720921045,9.111449719,159.0746635,406,77
65,60,75,90.61213129,0.11715089,60.94833257,0.608695652,4.25,58.46631453,0.03,2.8650524,3.279706819,6.790832436,243.1141083,284,81
80,90,115,291.7509854,0.146699267,88.53850952,0.75,5.5,53.78559549,0.09,4.420122899,5.637930348,5.906953517,56.02629657,270,84
50,45,65,283.1883519,0.093278464,108.1983025,0.848484849,5.6,34.98057184,0,5.118164315,4.757053897,7.14033705,346.1624752,114,28
65,75,90,161.9315422,0.107476636,87.40185127,0.869565217,4.66666667,65.88803584,0.1,6.473410466,3.692612639,7.993471405,568.2667223,256,70
95,90,105,385.3209668,0.096412556,82.18113483,0.761904762,6.25,62.32531936,0.01,3.913639594,4.847841716,8.267729134,248.1164562,253,47
205,205,205,195.049678,0.144480519,99.84147709,0.875,6,94.88490645,0,5.088535262,2.921550691,8.872287455,304.1427528,368,46
55,45,100,80.35957698,0.137770898,66.8236784,0.724137931,5.5,89.8770234,0.02,2.141374799,3.191481806,7.054762258,76.0356882,219,56
115,75,125,64.11512466,0.136450382,76.93066848,0.571428571,3.2,86.10070777,0.02,1.796292491,5.413977848,4.649634335,96.04507983,352,21
70,60,110,82.31358316,0.128518972,71.3956537,0.764705882,4.66666667,64.31645113,0.03,4.498901585,5.347828833,6.620076687,39.01831368,260,48
255,185,155,168.0876109,0.161231884,86.30615011,0.675324675,4.9375,119.3595994,0.04,5.415352369,5.528909708,9.810205174,75.03521862,329,68
195,140,155,249.4804057,0.187939698,84.96387829,0.736486487,4.82352941,128.2507675,0.05,8.599947265,4.267379317,12.82739182,74.03474903,221,62
175,150,180,260.3926844,0.186773905,113.9056955,0.615384615,4.27272727,98.81245286,0.03,7.133841433,4.816502377,10.90017074,80.03756652,157,46
180,120,155,89.27776988,0.188659794,113.6067695,0.696202532,5.46153846,98.32627609,0.04,5.543255404,5.832876408,8.130794448,41.01925284,228,73
50,40,60,67.29810404,0.104947526,58.0221208,0.541666667,2,40.18369348,0.18,8.110571023,9.530517025,10.46831784,17.00798289,208,110
90,65,60,20.3582612,0.147302905,49.89690619,0.756410256,4.14285714,50.71012502,0.17,7.62200342,9.02945591,10.06418532,13.00610456,181,80
65,45,75,93.79466156,0.124022346,79.93375628,0.821428571,5.5,37.05124386,0.09,4.277872107,2.536046503,4.473999991,58.02723573,207,120
70,45,60,104.7366208,0.130663857,60.45058494,0.731343284,6.33333333,45.09713835,0.05,5.948479812,5.723858597,3.398878826,20.00939163,193,78
120,95,90,90.27861988,0.128292268,59.55646913,0.825581395,5.14285714,49.44761717,0.28,6.250147661,7.355569044,8.101211921,58.02723573,268,136
75,70,70,98.05918803,0.157142857,60.13089586,0.75862069,5.66666667,67.4190404,0,6.44262045,7.57578472,7.171905041,43.02019201,159,46
25,15,60,105.2313823,0.164210526,84.48352534,0.892857143,5.25,81.49033316,0.07,8.466817342,8.687376777,9.820328342,9.004226234,38,6
50,40,50,86.69501966,0.103166496,70.32580047,0.854166667,5.92307692,56.37439341,0.09,5.973924985,6.804400055,9.77855999,13.00610456,188,72
55,30,65,34.68925378,0.110666667,80.60133941,0.848920863,4.53846154,41.4703807,0.07,4.522777393,4.931842105,9.186497182,14.00657414,83,23
25,10,20,20.77051529,0.088820827,47.49913951,0.824324324,6.34782609,36.74859391,0.02,6.882029578,6.707748234,11.03154078,9.004226234,41,19
45,25,35,4.295099519,0.129032258,63.34978511,0.907317073,5.96,35.90401041,0,7.912403203,6.21932965,12.33028798,26.01220912,59,19
45,15,85,27.37224276,0.130952381,77.36953179,0.8359375,5.28571429,40.435703,0.03,6.650081383,4.480934988,11.70873988,10.00469582,27,0
140,70,100,98.18891111,0.160893855,89.42289833,0.688888889,5.11111111,114.5209605,0.03,9.40677675,7.339438978,10.10356158,21.00986121,134,37
10,10,40,70.50567094,0.105263158,61.8639916,0.924528302,5.8,59.93906113,0,11.29813705,8.618958696,8.97908605,16.0075133,30,18
135,90,175,197.3472966,0.191027496,208.6816325,0.727272727,4.58823529,189.264784,0.09,7.41858589,5.91588382,7.277020173,40.01878326,89,2
105,55,120,62.19560015,0.130990415,67.34629904,0.723076923,5.66666667,119.2835728,0.16,5.530351094,4.458116491,3.740612159,43.02019201,213,20
370,180,215,135.7224553,0.209677419,150.0179339,0.64673913,3.97058824,200.8688301,0.09,5.44397635,4.450262401,5.049969168,65.0305228,185,20
165,90,185,54.59644255,0.204353083,126.211044,0.771300448,4.29166667,170.2465193,0.15,5.705267974,5.389802527,6.429280646,143.0671502,122,8
170,65,185,156.6242065,0.191780822,135.5665526,0.657303371,4.7,172.9111578,0.22,4.637120003,4.638790054,6.28676006,17.00798289,77,2
55,30,50,359.3277973,0.174193548,157.1544387,0.610169492,4.9,214.3496672,0.03,6.242149143,3.488318863,8.970311854,47.02207033,130,1
365,180,265,321.5065046,0.213347921,163.5260201,0.618343195,4.4,220.2719458,0.15,6.117395601,6.371073127,8.371131067,43.02019201,165,6
300,200,205,599.7428402,0.256716418,157.0714892,0.608856089,4.28571429,183.8945418,0.2,6.011751101,6.48358297,8.301519401,38.0178441,137,40
185,100,215,70.2362496,0.176933159,135.3040127,0.655518395,4.58823529,231.484976,0.13,7.079243125,5.047300119,9.863142244,21.00986121,174,13
320,145,520,174.5033722,0.203661327,139.7031712,0.632911392,4.88888889,180.7644338,0.31,7.467510189,3.917510155,10.27475727,34.01596577,133,4
235,90,180,205.6884486,0.218705036,126.7267189,0.653061225,4.5,199.7358377,0.19,6.726076534,7.096777621,10.09226617,26.01220912,129,12
380,220,210,361.8034093,0.297394429,152.3268837,0.583941606,4.08108108,211.1764907,0.16,4.731649142,7.467432165,11.74322176,83.03897527,217,10
260,125,205,107.7985226,0.271860095,121.8884643,0.58,4.57142857,177.3911714,0.16,5.37239363,5.876125938,10.73997636,25.01173954,127,21
120,85,150,259.8532761,0.177504394,118.8005553,0.683760684,4.68181818,141.5786506,0.13,5.342024565,4.623653223,10.08421214,29.01361786,88,22
160,85,140,100.2356002,0.225,119.8250708,0.602040816,5.125,155.55148,0.05,9.513328926,7.679659299,12.97537998,31.01455703,131,20
130,55,155,57.20424738,0.242026266,94.1154747,0.710743802,4.64705882,153.7613749,0.1,11.95570644,7.855706393,14.22467907,13.00610456,77,5
50,20,85,59.62020543,0.164677804,68.26599485,0.784722222,4.90909091,91.47811394,0,4.415068193,4.494886357,7.494738661,15.00704372,35,4
40,20,80,81.15341735,0.147001934,95.19406816,0.654545455,5.21428571,100.6356044,0,4.504803961,5.357122545,8.674107788,21.00986121,71,20
110,40,80,61.18381018,0.149903288,93.81037442,0.703571429,4.93103448,121.4141704,0.09,7.196046868,7.133235234,8.53592218,18.00845247,111,23
65,40,120,137.3032456,0.142592593,114.3797343,0.660869565,5.35714286,126.7624766,0,9.634104227,10.24180121,7.023238265,34.01596577,85,20
20,20,45,33.56277669,0.125603865,64.94414529,0.845493562,5.86206897,54.39943562,0.02,17.90297272,15.56201478,19.10949318,14.00657414,44,5
75,40,95,82.58995402,0.155172414,89.03073028,0.88034188,5.89285714,51.23626013,0.02,8.883246749,8.056552414,8.091847819,15.00704372,50,16
15,20,45,53.10088935,0.120805369,55.29546456,0.832214765,5.75,45.46038093,0.04,12.64614859,9.187078967,13.13530281,7.003287071,46,6
55,25,60,48.71759745,0.150527325,83.07179048,0.907749078,6,51.31929903,0.05,8.577169393,8.128786101,9.76242242,16.0075133,53,11
45,35,65,132.9533832,0.139107612,89.39395912,0.894736842,5.89473684,52.6478345,0.03,5.337759297,7.204408265,7.363440853,27.0126787,66,24
5,5,25,31.463073,0.094117647,60.00861882,0.894736842,6.47058824,16.21948746,0.03,5.422081236,7.616416353,7.890638986,8.003756652,8,4
55,35,55,27.05941881,0.146953405,69.92833891,0.916666667,5.91666667,40.23617788,0.05,3.408607111,5.7188249,5.991510882,17.00798289,71,37
105,50,115,99.05358368,0.153169014,99.16190686,0.695652174,5.11538462,95.3435369,0.11,3.198858658,4.598442021,4.871195691,16.0075133,105,14
25,10,40,34.37818883,0.120879121,63.61727182,0.915322581,6.28571429,27.19056105,0.01,4.086060734,3.58939867,3.86183787,30.01408745,58,19
105,55,85,107.7441514,0.154420922,73.88405594,0.824074074,5.15789474,61.07468074,0.14,5.469007512,3.824906392,4.467927558,16.0075133,150,72
55,25,115,65.98505868,0.21749409,93.82837347,0.791044776,5.18181818,95.49581795,0.06,5.971139461,5.897465115,6.169046414,27.0126787,70,14
105,70,135,102.0297628,0.152459016,96.50920505,0.678832117,6,86.56157089,0,4.426241784,4.593487673,4.865102473,15.00704372,166,35
60,55,75,74.48645121,0.196636481,77.88367376,0.764044944,5.71428571,86.40688626,0.17,6.069861277,6.603842982,6.902875102,33.01549619,198,85
40,25,75,57.41651273,0.15640599,73.11330974,0.852272727,5.1,52.64342278,0.03,4.921148057,6.086555891,6.853311182,16.0075133,46,7
20,20,45,33.67900477,0.113974232,66.19513537,0.907142857,6.02941176,45.05510344,0.01,4.533303193,4.307715831,9.368104944,36.01690494,36,3
50,25,60,38.84972058,0.120160214,79.55246384,0.849056604,6,73.45056509,0.02,3.832906456,4.430094826,10.00630087,26.01220912,44,7
20,15,45,23.29863168,0.126353791,71.9655861,0.898203593,6,43.718601,0.03,6.240024927,5.175898865,10.25693499,17.00798289,54,6
25,10,40,5.961576499,0.107487923,54.36387084,0.923423423,5.72,55.92265419,0.04,5.524520502,6.353881075,8.925802518,26.01220912,28,0
45,25,65,8.399216769,0.169312169,68.46669283,0.75,5.72727273,57.00544471,0.04,5.976073379,7.25797855,13.32576029,17.00798289,64,7
20,10,30,42.12736946,0.110091743,70.56503022,0.813432836,5.25,73.68595991,0,7.049299294,8.8191501,14.42211552,10.00469582,38,14
30,20,50,39.86871618,0.124064171,58.73613869,0.938405797,5.86842105,62.65744658,0.01,4.970991589,7.214564516,14.37118569,18.00845247,76,8
50,20,80,66.63439564,0.192842942,114.5620509,0.947368421,5.75,78.65332489,0.09,2.512778948,3.772975245,10.49548548,38.0178441,27,15
155,60,90,195.6788566,0.151111111,123.9005786,0.618181818,4.53846154,110.1847521,0.12,6.369044292,3.650431991,11.77309667,63.02958364,153,34
135,60,90,205.1121288,0.176036866,96.67692007,0.789667897,5.5,93.85483287,0.05,5.620519872,4.866977769,12.26389404,22.01033079,162,10
20,15,45,10.3252168,0.115789474,56.2997865,0.802083333,5.42857143,55.65298207,0.07,4.956587989,5.187269233,10.96929189,15.00704372,41,12
225,130,140,221.0895765,0.18997107,116.9433681,0.647540984,4.96,133.1513771,0.17,3.602168094,4.548978318,10.11634415,61.02864447,219,49
20,10,55,28.13103668,0.135353535,62.26669679,0.872881356,5.9375,48.39907388,0,3.815528952,4.608423162,8.197694608,13.00610456,27,0
25,10,35,42.73926659,0.107413011,71.84170796,0.882352941,5.52380952,45.461667,0.02,4.632931044,5.574696392,9.166551717,11.0051654,32,7
45,25,45,56.55803924,0.138075314,65.81865264,0.755681818,5.4,68.90217024,0.07,7.423410492,7.257591606,10.06677514,28.01314828,68,2
25,20,55,18.86921406,0.140226629,65.30517931,0.852112676,5.85714286,57.52889121,0,3.584964487,3.555994381,10.07477277,9.004226234,34,5
115,55,125,39.93643743,0.194489465,101.9618682,0.804054054,5.76923077,104.3226427,0.07,6.563834353,4.451157532,12.80611329,34.01596577,61,6
250,145,190,166.637814,0.280263158,140.3544966,0.612244898,5.18181818,172.0626741,0.1,5.729336069,5.393456137,11.23788433,46.02160075,118,13
135,75,175,251.1083131,0.17844523,109.6623838,0.75862069,4.75,154.0375482,0,6.343889882,5.50357745,11.28649714,19.00892205,110,5
75,50,85,169.8674356,0.149925037,88.70416135,0.746987952,5.33333333,128.0513518,0.1,8.789983076,7.650864463,10.85088562,22.01033079,61,12
170,105,135,227.0856131,0.16185567,107.5541662,0.705882353,4.88888889,133.490758,0.12,8.666958019,7.403613272,11.38709893,56.02629657,218,44
150,105,145,167.0820665,0.22172619,122.772582,0.722222222,4.4,154.5168268,0.18,7.712665914,6.105508477,9.362372872,37.01737452,162,16
250,145,265,541.5834256,0.285245902,188.6203873,0.661157025,4.72727273,187.9560215,0.09,9.018659961,8.625909089,10.42512156,71.03334029,147,6
220,115,180,226.2178416,0.236342043,153.1021537,0.717171717,4.66666667,151.5472,0.16,7.184999947,4.653572317,9.995595366,68.03193155,157,3
170,95,195,219.601236,0.241962775,143.0715207,0.647058824,4.66666667,165.59581,0.09,7.736808626,5.109875838,10.87199029,28.01314828,132,3
325,210,245,259.2991002,0.257231405,143.5633804,0.696498055,4.71428571,180.1863093,0.1,4.180624356,2.805816663,10.31971556,65.0305228,175,20
55,45,100,258.8296172,0.137755102,96.94289481,0.801104972,5.11764706,126.4285961,0.09,6.405596269,5.496443012,9.225081293,22.01033079,148,0
30,20,55,172.4605051,0.152941176,98.19692932,0.881818182,5.61904762,98.07713735,0.02,6.162964567,6.337027138,8.257495922,30.01408745,76,31
40,20,50,176.0499852,0.10845987,71.32345373,0.867298578,5.95454545,43.61316925,0.04,5.270659516,6.025027046,7.568883789,5.002347908,102,32
50,35,65,61.86941377,0.152517986,77.6536702,0.858895706,5.9,60.68406865,0.07,4.67626053,5.439145601,7.038329819,35.01643535,66,7
50,55,60,232.2090789,0.137772675,108.3310013,0.886138614,5.30434783,49.90368323,0.06,3.737329768,4.814319311,7.855557476,21.00986121,94,37
85,45,75,84.07709623,0.155445545,71.86451767,0.876494024,5.38095238,71.31446098,0.04,5.660875049,5.789578957,9.933195303,24.01126996,80,17
70,35,80,48.07805738,0.163339383,80.83177029,0.863636364,5,61.80966183,0,9.622818212,9.547094083,13.61025373,10.00469582,87,15
50,50,95,131.6936135,0.183121019,97.62920739,0.75,5.81818182,91.56277927,0.12,8.420470268,9.497099574,10.72760722,60.02817489,114,19
110,70,110,40.47446019,0.113062569,59.50790677,0.84375,5.5,15.86304185,0.12,2.976340108,6.66093097,5.402192227,34.01596577,186,6
80,40,60,31.6772658,0.083148559,49.32719576,0.757575758,5.66666667,30.93624,0.06,9.886391684,12.46781273,14.47097671,19.00892205,291,15
75,50,70,70.70122115,0.09009009,81.70073445,0.802816901,4.66666667,58.93629779,0.08,7.591136112,10.05731389,11.89141525,27.0126787,111,4
50,25,50,69.28506965,0.147959184,94.08631203,0.913385827,5.66666667,48.50233756,0.06,6.306038297,3.833031834,9.010305714,25.01173954,97,34
125,100,115,133.6695605,0.170313987,109.0870616,0.696969697,5.04761905,70.13468253,0.17,5.497692689,5.760039077,8.345973236,33.01549619,249,74
170,140,170,80.89241448,0.228665208,107.4434941,0.758865248,4.77777778,85.06039413,0.12,3.745283045,6.848659874,7.263163182,78.03662736,216,49
55,40,90,111.0902096,0.140786749,72.7736715,0.858490566,6.22222222,43.40442866,0.03,4.33393089,3.618113244,7.29486894,40.01878326,69,22
200,145,170,247.8302966,0.228070175,121.9350183,0.741666667,5,97.54203006,0.16,3.53217844,4.607702758,5.830576447,62.02911406,231,76
280,225,205,267.887233,0.227106227,149.4605464,0.625,5.38461538,145.7766818,0.17,4.238722836,5.922453131,6.153121273,66.03099238,205,77
125,105,90,115.1263855,0.148387097,80.71786801,0.743801653,5.11111111,46.04709516,0.04,5.810623871,6.287023471,6.726995862,28.01314828,253,52
25,30,55,11.90927993,0.103773585,47.39160912,0.690909091,6,39.17698033,0.1,7.8618663,3.430919234,9.046458918,11.0051654,94,8
60,45,95,143.4354067,0.11130742,68.70443754,0.756097561,3.66666667,51.22416993,0.11,6.123031706,2.918593477,9.114253819,21.00986121,128,15
125,100,85,341.7696457,0.168059424,114.2957201,0.76056338,4.9,67.43300732,0.08,7.205033763,6.734410724,10.6239226,57.02676615,276,38
110,70,105,123.2065168,0.173051519,92.32478175,0.770114943,3.6,57.90207313,0.19,4.328642624,5.006019645,7.011051098,21.00986121,164,25
45,30,80,31.44367536,0.085953878,36.79549934,0.878048781,5.5,37.74866077,0.49,4.542026394,4.813441243,6.778764971,22.01033079,84,30
25,20,30,53.88116842,0.169724771,66.313382,0.672413793,5,53.5425017,0.09,5.124739809,4.730746531,5.844168584,10.00469582,91,19
225,140,200,162.1714446,0.216409037,129.2622123,0.711864407,5.15384615,132.901188,0.1,4.045080717,5.02422435,5.207387544,77.03615778,194,39
105,95,95,231.1611786,0.168958743,98.34333804,0.690140845,5,52.7166463,0.14,2.776940538,2.741902699,2.908102734,83.03897527,227,122
135,115,285,349.2670847,0.24863388,140.1157911,0.663793103,4.53333333,207.0696551,0.24,4.021604297,4.77494654,4.458328999,35.01643535,87,25
60,40,80,65.61695333,0.107594937,79.73924551,0.730769231,5.28571429,48.74418106,0.21,2.835275349,2.779811558,4.025434787,48.02253991,239,51
165,70,170,210.3722542,0.216383308,126.3129567,0.697247706,5.06666667,95.88955812,0.14,4.822889924,4.354954116,5.540389927,52.02441824,151,34
130,100,165,183.9015967,0.202962963,99.92528793,0.790697674,5.8,110.3882548,0.14,2.271332295,3.529999987,3.122978004,150.0704372,145,35
110,45,60,45.41941525,0.112097669,67.96526722,0.713235294,5.05263158,79.81219588,0.1,4.885205242,3.790022774,6.067947529,75.03521862,233,39
110,75,100,80.53362471,0.183377309,111.2320488,0.807692308,4.88888889,71.56705141,0.05,2.785121462,5.236902167,5.925044766,72.03380987,159,50
85,65,155,208.9306503,0.146868251,116.6873279,0.717391304,4.6,105.1171967,0.12,2.008091329,4.055017543,4.008700216,73.03427945,169,39
150,65,150,123.8716663,0.196078431,137.0430739,0.789473684,4.77777778,91.74173567,0.11,4.862505816,5.952520232,6.240049101,23.01080038,193,28
80,70,80,73.38848433,0.126019946,70.16698148,0.796116505,5.375,50.58386027,0.03,5.928917172,4.671951853,5.870882335,16.0075133,317,116
125,85,85,450.5175308,0.150744961,118.023048,0.798780488,4.7,118.3496438,0.07,4.488039396,3.617244908,6.141976261,57.02676615,333,121
95,65,95,128.8469716,0.12936345,90.13183973,0.883116883,5,65.34356946,0.06,5.024493155,3.513569144,5.18256597,31.01455703,264,115
95,70,100,62.9780517,0.130489335,70.00287057,0.866666667,4.75,96.25886326,0,6.167858985,4.677611171,5.411086416,28.01314828,204,71
65,40,80,96.91568457,0.09383378,80.92381354,0.669724771,5.4,109.6804401,0.11,9.666620217,7.674473654,8.11633828,28.01314828,332,2
80,65,65,84.18961095,0.108309991,60.09306509,0.722222222,5.5,41.11964529,0.03,8.415497614,6.609792329,9.636439606,12.00563498,490,157
75,65,80,64.65298282,0.124593716,76.67307411,0.603174603,4.55555556,84.38518117,0,5.334658091,3.485699816,7.82120723,39.01831368,268,102
120,90,120,220.7891438,0.129064039,111.7603677,0.746835443,5.66666667,79.71775395,0.06,6.924759955,5.272510448,7.099673763,19.00892205,356,134
135,105,130,443.3438162,0.141806723,128.2324011,0.684615385,5.6,87.18007015,0.14,5.497878111,4.960911245,4.186554637,42.01972243,334,89
90,55,120,182.5479721,0.234836703,90.41848055,0.828571429,5.33333333,81.12853393,0.05,6.961763928,6.16291797,4.428819059,39.01831368,230,83
35,25,60,233.6024048,0.096308186,77.62813052,0.775510204,5.66666667,35.58579607,0.02,6.343443141,5.457070566,3.412873157,23.01080038,108,73
65,50,70,54.44724747,0.105940594,50.70749715,0.834710744,5.375,47.65295106,0.07,7.350662391,6.109720291,5.839391598,34.01596577,244,66
75,60,90,97.36376695,0.151948052,75.82028245,0.797297297,5.33333333,57.40015163,0.1,4.839128783,2.812765144,6.630505064,14.00657414,194,84
75,60,95,114.0487253,0.157446809,89.07445872,0.767857143,6.33333333,61.27484977,0,2.601704371,2.367405741,6.529200568,22.01033079,101,40
20,20,35,22.80100901,0.092257002,49.8359706,0.52,5.5,24.84808024,0,5.884271864,5.381674509,9.291370739,40.01878326,89,33
25,10,20,13.44009986,0.08815427,36.24991688,0.813953488,5.2,17.68048051,0.09,3.716084524,4.767291926,6.748523066,8.003756652,82,32
20,25,35,16.16117463,0.082497213,59.78505107,0.936170213,6.33333333,44.5615045,0,4.108874389,2.526878002,4.728095388,35.01643535,155,43
20,15,30,39.67428321,0.126361656,54.73942934,0.837837838,5.8,27.65497789,0.06,5.645254717,3.735562611,2.717091287,8.003756652,95,31
150,120,120,155.3822709,0.160481444,110.12747,0.819672131,4.93333333,101.4077136,0.12,8.263922687,7.450768049,5.174417538,30.01408745,224,47
80,65,65,103.9143627,0.125695217,70.52924087,0.786259542,6.05263158,58.52198846,0.08,5.094269562,4.416353976,4.835635423,39.01831368,167,43
120,95,95,136.609614,0.139407245,73.91851972,0.7125,5.25,74.76646895,0.02,5.593898705,4.175930637,6.232425636,37.01737452,277,66
50,45,90,231.6586591,0.135972461,87.73826346,0.759259259,5.2,77.77109469,0.17,7.391701654,5.0803871,5.977112854,23.01080038,132,27
110,85,120,137.7549954,0.15403423,106.3695269,0.825174825,4.625,85.400259,0.13,6.64981671,5.063625697,5.109705473,45.02113117,187,37
35,30,45,70.00035695,0.123798077,67.00898473,0.794871795,6.04166667,34.83773716,0.06,8.14135167,6.893458028,5.741458165,27.0126787,160,16
35,30,60,49.79126209,0.175033921,79.3627091,0.901785714,5.76923077,23.01676404,0,5.395572065,4.632354515,6.399239351,34.01596577,57,33
200,150,150,267.0640206,0.170044053,115.4320661,0.798165138,5,92.71008994,0.17,2.794857034,2.416347172,5.930987432,75.03521862,260,57
45,15,30,42.26113113,0.115921788,61.24379119,0.885869565,5.64285714,29.21849754,0.01,3.258103906,3.268679785,7.315646052,15.00704372,93,15
30,20,40,0,0.106796117,54.92789372,0.929824561,6.47058824,27.81899641,0,5.996682601,2.756001339,8.330582459,16.0075133,38,13
30,15,45,14.02816296,0.13561848,64.10457503,0.867768595,6.21052632,32.20311947,0.03,3.886748143,5.075051864,6.679374106,30.01408745,42,3
35,15,35,34.06100972,0.133472367,60.00219664,0.884353742,5.94736842,29.28455075,0.04,4.674703555,5.894458905,10.42260666,23.01080038,68,29
15,10,45,15.24877823,0.1352657,65.91008387,0.948979592,5.75,29.71866111,0.02,5.248243128,6.128344143,10.89017784,19.00892205,27,21
60,60,70,193.4470801,0.166894665,85.75188534,0.947368421,5.71428571,45.76371505,0.13,5.796137049,8.200512038,11.58236073,29.01361786,142,37
15,5,35,27.02931328,0.12,54.38559562,1,5.77777778,5.727940938,0.02,7.818326517,10.84953545,7.744665187,29.01361786,8,14
35,25,35,22.64015355,0.117714286,68.36207684,0.92481203,5.77777778,33.1466886,0.15,7.53977096,7.876928747,7.952943963,24.01126996,111,27
35,20,50,57.3704794,0.127544098,57.96602743,0.9,6.18181818,58.02829084,0.04,5.873195778,6.40307697,5.549804176,24.01126996,43,11
20,20,55,45.8628396,0.104039168,65.80779088,0.897727273,5.33333333,27.45166328,0.05,5.790968206,8.942102648,5.298168355,32.01502661,31,16
20,15,35,18.2798616,0.1334214,52.63873805,0.916666667,6.33333333,18.09689942,0,4.707709932,9.821550451,6.410662141,32.01502661,21,3
15,15,35,88.73356852,0.11662531,81.24337717,0.88372093,7,44.17815125,0.03,9.387738432,10.58838753,9.384887565,27.0126787,32,7
45,15,50,138.0881737,0.116431925,77.25350009,0.933962264,6,15.48920898,0,2.422482272,6.275700189,2.530174401,7.003287071,51,26
20,20,40,37.29038205,0.152249135,59.7994357,0.954954955,5.78571429,25.89319191,0.01,4.141827476,5.070991144,4.908882768,24.01126996,54,21
50,30,55,22.25928494,0.139056832,66.41165403,0.888888889,6,60.77563508,0.03,4.881998892,7.029028342,7.811752674,22.01033079,46,14
80,75,130,262.5102182,0.17888563,107.38709,0.752941177,4.85714286,75.95968427,0.03,9.320751931,8.581203701,8.105036993,14.00657414,140,24
75,65,65,94.45978771,0.106161137,61.82329878,0.873417722,6,43.6214223,0.03,8.41135713,7.670485255,8.299886686,13.00610456,284,106
45,45,45,107.5344835,0.131956912,54.24321905,0.742424242,4.81818182,34.32901453,0.01,6.345780485,4.293870155,7.78017844,27.0126787,207,72
50,55,60,70.59864253,0.094782609,60.18141952,0.841666667,6,27.21900855,0.03,7.765058537,6.864303772,8.216596948,22.01033079,156,62
25,20,35,51.9914998,0.107665805,63.98646692,0.874285714,5.47826087,31.56029605,0.03,7.575693713,8.257830437,8.875239782,16.0075133,164,39
5,10,15,40.21807546,0.098101266,64.60433779,0.894736842,5.54545455,39.85382033,0.04,8.077940222,8.389617231,5.332508769,16.0075133,74,22
45,15,35,60.52848807,0.080448065,62.17964559,0.8359375,5.5,40.4455847,0,10.26988378,8.593446765,7.055323106,7.003287071,129,6
60,50,65,90.78877725,0.115025907,64.14685307,0.885714286,6,36.20445501,0.02,4.439404652,5.584036301,4.214392039,34.01596577,177,43
35,25,60,57.81309019,0.092265943,66.78932309,0.724637681,6.25,22.16831429,0,6.681928056,8.061812906,5.16708631,9.004226234,140,7
20,10,20,68.23519105,0.082324455,64.91879351,0.86440678,6.125,13.57765928,0,4.089361097,4.330058602,5.468417375,57.02676615,121,9
40,35,70,93.7941045,0.105865522,63.25270809,0.873015873,6.18181818,24.02699299,0.05,6.417810595,6.238654165,8.351613956,18.00845247,104,18
10,10,25,32.28096385,0.060897436,37.16939565,0.785714286,6,12.86740238,0,6.366196577,6.630935797,8.846166595,15.00704372,77,10
30,30,45,42.48529634,0.138763198,49.19112182,0.806451613,4.75,23.27472327,0,8.431392433,7.411360076,9.717532389,22.01033079,80,22
5,10,30,63.13450051,0.082132565,42.38890789,0.9375,0,10.68851643,0,7.40876214,4.822905795,6.674033687,43.02019201,114,35
5,10,25,31.96066074,0.08739255,43.32111741,0.9,6.5,13.69880202,0,5.050381981,4.548725564,6.544575217,10.00469582,72,23
110,70,80,173.3078582,0.132206759,82.74977058,0.868421053,6.22222222,33.60358746,0,2.911719703,4.126590013,5.237035208,17.00798289,263,43
20,20,30,80.16312643,0.088477366,53.38177229,0.864864865,6,11.09909673,0,5.020384234,7.258547919,8.929792886,18.00845247,66,10
10,10,25,111.8146793,0.116472546,49.19334709,0.902439024,6.8,5.693727139,0,7.656338302,6.113022061,9.062176402,12.00563498,96,53
5,10,10,14.75465312,0.067596567,41.21777134,0.777777778,0,5.049117601,0,6.996986315,5.518631847,8.42627194,9.004226234,116,37
20,25,30,45.29119339,0.099107143,52.26820413,0.869565217,6.42857143,12.66775288,0,4.265632057,4.155023575,7.861780619,9.004226234,117,48
25,15,35,25.18254631,0.12908778,38.92045628,0.844827586,6.57142857,20.6159122,0,2.322117447,3.273278454,7.453024787,8.003756652,99,49
20,20,30,38.25097656,0.118954248,62.18885813,0.92,6.5,22.40865327,0.02,7.696020886,5.430824616,9.923946433,7.003287071,79,33
15,10,20,0,0.115517241,42.52852134,0.875,3.5,8.528577234,0,9.785525416,8.155362366,11.59409416,10.00469582,37,24
65,20,55,38.02920913,0.141459075,80.19805381,0.836065574,5,20.89321122,0,4.510424551,4.909317128,6.609285701,15.00704372,179,63
60,40,55,89.97721471,0.127071823,77.58954917,0.858695652,5,25.5463488,0.02,3.593815205,3.431774355,4.079041977,25.01173954,136,45
5,5,10,11.45992667,0.112113402,47.90880898,0.93877551,7,10.66360903,0,6.377219013,6.869993405,6.681660227,21.00986121,36,15
40,30,45,67.74337231,0.117708333,64.38466185,0.871794872,5,18.41958812,0,5.108999434,3.051097488,3.502990318,6.002817489,152,58
20,15,40,49.80394898,0.119828816,85.58277319,0.946428571,6,24.47786943,0,4.860054555,2.799999962,3.95441338,12.00563498,51,29
30,15,35,31.62602543,0.056338028,60.68336462,0.934782609,6.25,9.829547647,0,11.1977828,9.37420671,10.40451135,15.00704372,38,16
25,15,35,27.40082837,0.086597938,58.57089814,0.9,6.27272727,23.93125035,0.03,7.935211764,6.186882348,7.39244116,4.001878326,51,43
10,10,20,34.24787752,0.095923261,52.66581315,0.9375,6.5,15.18664328,0,7.131124645,5.339699276,6.374401643,8.003756652,66,28
10,5,15,28.00792049,0.084507042,40.0697888,0.953488372,6,10.15232456,0,8.174681201,7.562203169,8.050631234,12.00563498,29,30
40,40,40,23.03329368,0.089485459,55.01892289,0.878787879,5.66666667,12.75828921,0,5.4257361,5.051893557,7.778394878,181.0849943,125,40
40,30,45,42.67073382,0.106594399,57.14314107,0.954545455,6.75,18.33969561,0,5.020591185,8.493394321,10.36189622,15.00704372,99,27
20,10,30,38.51292019,0.107351225,50.38282685,0.878787879,7,15.67365506,0,7.716519225,10.62223738,13.22843573,15.00704372,74,36
20,15,15,53.8382761,0.082666667,56.60351497,0.833333333,6,9.115055942,0,4.50905236,4.38689064,6.866552265,21.00986121,142,12
45,30,40,27.02686142,0.098623853,46.84665338,0.816326531,4.5,31.64184673,0,5.915345843,5.865527531,5.651735031,30.01408745,96,11
5,10,15,62.89194022,0.08683068,60.61946065,0.916666667,6.16666667,8.84484447,0.04,5.40253618,7.264118465,5.50476156,25.01173954,31,17
55,20,55,42.8777959,0.123497268,73.60737788,0.819444444,5,29.00202515,0.03,7.552617972,9.057797742,5.116544743,15.00704372,63,8
50,30,55,29.13595647,0.124542125,72.59221995,0.754098361,4.42857143,33.06423975,0.06,6.335695121,8.25450004,3.552768321,11.0051654,160,47
15,10,50,54.20086853,0.137417219,69.80016945,0.916666667,5.94736842,26.30526684,0.09,4.278394356,8.197555247,5.911567276,43.02019201,10,6
15,10,35,93.85695382,0.10940499,61.5291375,0.952755906,5.64705882,20.69716666,0.07,5.731669734,8.214092131,7.087135174,14.00657414,14,6
85,50,75,149.0357265,0.168661589,107.2125498,0.858895706,5.9375,99.60406968,0,6.633991194,11.02095916,10.65436056,9.004226234,63,11
75,25,65,51.2086051,0.134911243,65.47738945,0.8671875,5.44444444,62.0051772,0.06,5.797099095,10.888011,11.08620565,24.01126996,37,17
30,25,60,14.91237458,0.144026187,68.12943797,0.933333333,5.77777778,25.11770885,0,2.962651788,7.821086201,7.954305011,22.01033079,17,2
15,10,45,7.573031252,0.141965679,61.18540462,0.818181818,6.16666667,12.91057043,0.05,5.447512852,8.150215185,6.983141128,8.003756652,22,12
15,10,20,13.51802057,0.086666667,55.898834,0.971428571,5.2,11.69564296,0.02,5.469697674,8.633692959,5.769125588,29.01361786,26,7
5,5,35,5.192205108,0.148662042,50.77471613,0.826086957,6,18.68831207,0,9.364150318,11.23802594,9.502121773,45.02113117,19,3
10,10,30,51.88732272,0.112771739,61.68168451,0.895522388,6.8,14.45631193,0.02,10.00831106,8.962106839,9.793130262,22.01033079,1,10
5,10,25,10.71029288,0.087912088,65.758378,0.978021978,6.625,11.28799311,0.01,8.096278236,7.450050634,10.95601636,29.01361786,19,4
15,10,20,26.34511311,0.110989011,63.97370446,0.927835052,5.41666667,19.47543256,0.02,11.37130192,10.26856169,12.0754478,11.0051654,65,5
25,10,40,64.20688249,0.099611902,68.71195234,0.917241379,5.84615385,16.24322836,0.02,10.04838308,8.433960991,9.407331241,15.00704372,25,12
15,15,40,98.35488714,0.098283931,57.70355843,0.866666667,7,8.315284317,0,10.47618241,10.01166399,12.85752542,0,41,2
15,5,20,69.20209427,0.103078983,58.87724713,0.818181818,6,41.36127601,0.04,7.335442747,6.555442785,9.625447412,17.00798289,62,7
15,15,45,26.39864364,0.13086771,62.4509796,0.903030303,5.8,35.36147812,0.02,11.47525458,10.36786614,11.84756271,27.0126787,32,7
15,5,30,6.236103815,0.136546185,56.18545098,0.944444444,5.75,23.56782861,0.05,12.34403018,10.76397124,10.41878453,26.01220912,26,10
60,25,55,56.15490236,0.139442231,78.47363495,0.849056604,6.375,27.62683359,0.04,6.230445323,4.286148286,7.549088557,25.01173954,64,12
20,15,35,132.7847206,0.094142259,61.26162929,0.959090909,6.36363636,16.66564629,0.02,4.638912138,4.335829695,8.782170351,32.01502661,6,11
5,5,15,58.28088477,0.085489314,60.48562264,0.985294118,6.16666667,14.21133312,0,7.49531106,8.868767263,12.74831516,19.00892205,13,4
15,10,40,12.60943575,0.132318501,60.10744496,0.994117647,6.34782609,18.76695567,0.02,4.747562561,7.654556209,11.49759359,29.01361786,25,8
5,5,25,0,0.059259259,44.13376872,0.988826816,6.68421053,23.60163665,0.01,7.404469974,10.81752218,11.80082151,8.003756652,13,0
5,10,35,77.93136687,0.083670715,64.08281667,0.967948718,6.33333333,24.57069582,0,5.335602375,9.02174888,9.417844695,12.00563498,41,5
10,15,30,5.380087156,0.102181401,52.57862357,0.978609626,6.4375,25.5321545,0.02,4.834548851,5.702991405,8.260468384,60.02817489,34,9
225,105,135,124.0341701,0.204387991,121.366341,0.695067265,4.93333333,148.1068378,0.08,8.209661876,7.044973322,7.115290597,56.02629657,188,11
130,70,115,104.7531228,0.167381974,101.7297844,0.753246753,4.68965517,118.9225041,0.16,7.283433635,7.506840768,7.984414536,62.02911406,131,33
145,90,135,96.36067053,0.164414414,116.1363493,0.820175439,4.85185185,137.1673811,0.13,7.182387737,7.204013002,8.095915975,39.01831368,121,16
185,100,125,78.05849533,0.181818182,97.91882482,0.718045113,4.96774194,137.358884,0.12,8.951315029,8.790696859,9.702082878,62.02911406,176,55
160,80,115,61.50941855,0.204806688,102.3180733,0.800865801,5.13333333,118.1687766,0.08,7.012775451,4.786980216,7.309446431,64.03005322,123,15
200,110,140,89.95422609,0.146586345,110.2691592,0.683636364,4.36666667,130.6298349,0.1,6.881843023,4.56210159,5.95765143,90.04226234,253,31
265,140,160,256.0374071,0.18257646,132.9815695,0.72823219,4.36666667,186.8421448,0.14,5.052374592,4.305465974,3.736236532,122.0572889,263,89
180,125,135,245.1408163,0.183046683,121.6926787,0.575892857,4.45454545,146.0676797,0.12,8.053431751,6.719366588,6.988770065,171.0802984,174,21
270,120,215,244.624781,0.203033839,153.5702118,0.703910615,4.43589744,208.9815255,0.15,8.626466805,8.04656788,10.5764955,79.03709694,231,5
240,115,110,118.7601111,0.179710145,100.2728918,0.634146342,4.67567568,156.9119161,0.14,4.454187264,3.872427373,11.83932185,105.0493061,181,14
115,50,85,18.94272765,0.169230769,106.1932281,0.687763713,5.21875,116.5940826,0.11,4.143011315,4.332095394,12.98538266,42.01972243,86,25
90,30,115,11.5106155,0.143459916,117.8620747,0.696296296,4.75,117.495784,0.15,7.850672288,7.686355,13.01120278,27.0126787,34,22
20,15,45,27.54429949,0.090471607,72.41103367,0.759689923,5,42.78943544,0,11.47370366,11.34625269,12.36144882,30.01408745,202,5
25,20,40,36.13929061,0.138817481,75.20296224,0.917073171,5.8,57.33088761,0.02,8.76422659,7.568068202,8.71373747,24.01126996,46,4
45,20,35,30.5912969,0.124285714,98.97194866,0.755208333,5.25,92.43583278,0.09,9.41449556,9.219298237,13.07132304,36.01690494,85,19
95,40,100,55.68711302,0.192702395,97.92387322,0.884120172,5.03333333,102.3222564,0.09,7.72716888,3.607528808,9.189351992,46.02160075,106,12
30,15,60,8.698114581,0.142367067,78.87992906,0.906832298,5.9375,34.25602753,0.07,6.937130937,4.16728464,8.124806728,34.01596577,47,1
255,135,155,159.7695982,0.219630709,138.1075971,0.777251185,4.46428571,167.1227281,0.12,6.892532009,5.769449232,11.36372255,63.02958364,183,11
215,130,205,165.412384,0.235294118,102.2318862,0.736040609,4.75,161.5446359,0.13,5.359550761,5.198391258,10.76425366,68.03193155,123,10
190,100,195,460.1499605,0.170984456,155.3749746,0.650306749,4.42857143,205.7134117,0.07,7.266994861,6.036476884,11.32762403,11.0051654,114,3
180,100,215,235.1220256,0.19434629,189.0694196,0.705035971,5.15384615,172.2469279,0.12,8.630422888,6.184393385,10.91190276,46.02160075,110,13
80,50,50,42.26528183,0.125588697,64.07028063,0.757575758,5.16666667,44.22507512,0.15,9.007662803,7.238983675,12.96164653,44.02066159,256,10
260,130,200,239.7415515,0.213004484,190.9647524,0.67578125,5,219.0102853,0.17,5.837496631,4.378390743,9.420556269,64.03005322,165,10
160,90,125,206.624142,0.219230769,131.0932245,0.668539326,4.88888889,139.3176542,0.09,3.513815291,3.405165602,11.31612734,62.02911406,136,27
185,90,140,116.5638744,0.207100592,131.4187908,0.652694611,4.21052632,157.8964161,0.17,2.531014691,2.222256339,9.709432619,41.01925284,116,24
230,125,185,116.5472205,0.197505198,150.0818908,0.638121547,4.90697674,197.2050613,0.11,8.433141501,6.548355437,9.63298879,71.03334029,185,28
95,40,70,83.64856023,0.143053645,96.44555004,0.719844358,4.79310345,112.6287329,0.09,10.09835018,9.034797363,10.04725762,45.02113117,77,57
105,50,140,33.77909855,0.156896552,88.46264346,0.780346821,4.86363636,131.654419,0.06,5.342149891,3.418504966,5.8507084,42.01972243,46,2
100,45,70,74.28084942,0.116210938,88.02170619,0.702702703,5.14285714,77.55728927,0.07,6.989877961,4.795954271,7.421745911,30.01408745,228,0
140,65,160,99.8395717,0.205095541,146.4539746,0.655172414,4.8125,126.8975174,0.09,7.530669993,5.603593044,8.527820847,76.0356882,121,5
310,230,305,530.9515024,0.288209607,170.4028133,0.671755725,4,204.8426725,0.27,7.450708747,4.017447483,8.158353002,88.04132318,146,47
300,145,195,246.6792366,0.24086758,155.3333398,0.696594427,4.85416667,224.3723941,0.23,5.996078765,3.732245334,7.267880613,126.0591673,224,11
195,120,140,138.7974773,0.173611111,119.2766603,0.721311475,4.8,207.0514074,0.1,6.483769333,6.663611404,8.119987068,30.01408745,210,31
155,55,95,111.54502,0.11957672,79.57149327,0.743169399,5.41176471,116.6757885,0.11,9.038983087,7.414692106,7.46383617,52.02441824,232,18
175,100,195,245.7450212,0.213313162,168.2755106,0.744394619,4.80769231,182.1271786,0.13,9.890860036,6.241107832,11.43017493,66.03099238,171,10
150,90,130,181.4845409,0.153571429,136.6472748,0.734082397,5.1,154.1561806,0.17,10.18281573,5.827209615,9.796464666,64.03005322,105,15
15,20,40,16.31430414,0.130801688,77.14152897,0.933070866,5.81818182,47.59984382,0.03,9.656772058,6.948622645,6.812329231,37.01737452,54,20
5,5,30,12.00726423,0.09382716,59.69863878,0.936936937,5.84615385,24.99809512,0.09,5.692959701,4.563967344,4.508828688,14.00657414,0,3
50,25,65,161.7079871,0.136579572,77.86625709,0.913265306,6.125,51.30977968,0.03,5.085195553,2.876131161,3.418706361,29.01361786,94,27
30,15,40,26.3197793,0.1125,63.80888524,0.914965986,5.88235294,31.85516316,0.03,9.392699923,6.64958673,6.154553355,29.01361786,21,4
25,15,40,36.35218987,0.120204604,70.40206089,0.902912621,6,44.84450349,0.04,10.03354664,7.624327773,8.368098643,34.01596577,45,5
5,5,25,15.00620766,0.109350238,53.07765992,0.966386555,6.2,22.21411083,0,9.614324064,7.992099021,7.344371006,49.0230095,4,6
30,15,35,28.44525284,0.095744681,60.76279789,0.947619048,5.375,20.0361717,0.07,3.981923968,7.588521631,8.886186208,16.0075133,21,13
20,15,35,25.74447728,0.11369509,52.99245456,0.901639344,6.10526316,21.68076395,0.04,4.334030247,5.90788853,10.05192566,22.01033079,42,14
10,5,20,16.26482082,0.091594828,46.162546,0.960784314,6.15384615,23.40960598,0.01,7.502853473,7.769762469,12.67931556,9.004226234,15,0
30,10,30,9.155719301,0.098765432,56.01366424,0.957219251,6.30769231,15.4146033,0.07,7.711944697,6.136890462,12.96901036,12.00563498,25,14
10,15,30,5.965064609,0.09475032,53.79748296,0.956043956,6.35714286,13.69205171,0.03,15.45962919,11.20737863,19.80267594,4.001878326,18,2
20,15,45,40.82296322,0.111231102,52.72763525,0.906976744,5.58333333,24.28866601,0.01,8.638930963,4.568930925,12.06999461,15.00704372,47,10
35,15,30,13.78487311,0.118848654,60.34039449,0.926070039,5.75,24.29097122,0.03,12.10045857,8.833843031,13.28834195,13.00610456,39,1
20,20,35,13.37308305,0.117563739,70.28395943,0.865497076,5.8,31.78847749,0,6.121253625,6.33857947,9.205994372,15.00704372,28,14
125,65,105,72.32572285,0.182513661,96.4502889,0.85546875,5.42105263,108.9919246,0.06,3.556872258,8.201314969,10.13667751,26.01220912,106,15
75,50,85,88.70335453,0.134796238,98.04283211,0.840909091,5.35483871,80.18487497,0.11,5.742451843,7.752569461,10.2442298,30.01408745,113,10
170,105,140,268.3959861,0.212910532,121.2557179,0.707142857,4.4,111.0074908,0.14,10.8978132,6.604032956,12.21431864,29.01361786,136,24
210,110,120,339.8094084,0.236141907,118.1628113,0.608433735,4.91304348,131.6790258,0.24,11.2671076,6.783792075,12.77088423,39.01831368,145,18
150,75,125,122.4533097,0.203407881,98.23679456,0.691119691,5.2195122,113.7037023,0.11,9.126279064,3.61537096,9.563707144,31.01455703,97,30
130,85,130,108.8905667,0.180190931,117.3359306,0.77173913,5.32,111.7769228,0.11,7.190795292,6.210360745,10.71161645,22.01033079,86,12
30,20,55,78.41859948,0.1424,70.81676473,0.857954546,6.29411765,42.17485411,0.1,10.07022376,7.336087161,10.83273157,9.004226234,60,10
45,35,65,62.57095722,0.138134593,56.48603092,0.89119171,5.39130435,44.57352474,0.04,8.366355401,11.25353633,12.27949896,10.00469582,99,34
120,75,85,49.10664005,0.159798995,78.09260542,0.803773585,5.83333333,54.23157902,0.1,9.373821844,7.824480258,11.12703463,29.01361786,100,4
130,65,140,108.1601017,0.173099415,97.03865379,0.855721393,5.14285714,70.18858011,0.02,10.62608725,8.689393992,12.14896824,14.00657414,95,10
65,50,75,39.3106049,0.161764706,70.25415516,0.852791878,5.51851852,68.55264537,0.05,6.018847551,6.887543714,9.481850943,11.0051654,111,6
20,5,15,22.82760563,0.084760274,54.56844086,0.927203065,5.92592593,31.88297884,0.03,8.976318156,9.967339051,10.53228984,16.0075133,82,7
20,20,35,26.72203992,0.134477825,49.13163853,0.86,5.7037037,47.65972893,0.02,11.01508729,11.11592304,12.36476224,13.00610456,91,15
15,15,45,36.02760306,0.126696833,72.08614482,0.943089431,6.22222222,46.34123841,0,10.50560051,9.873555197,10.47395697,5.002347908,23,7
15,15,40,44.51663173,0.136690647,74.74541289,0.90960452,6.27777778,41.80120666,0.02,12.20902945,8.131928431,8.835606584,11.0051654,17,10
5,5,25,8.889595175,0.082551595,61.82250455,0.957627119,6.04761905,24.53834436,0,8.209285628,5.138923915,7.115419044,24.01126996,5,3
15,15,45,6.106455631,0.13538874,65.96912181,0.939226519,5.75,25.50845623,0.03,7.897270955,6.431135433,8.736084912,21.00986121,20,8
20,15,40,8.018980957,0.113597246,77.57182563,0.865771812,5.88888889,33.76453818,0.06,10.51762717,6.786610238,10.90114407,11.0051654,13,1
30,20,40,49.80778301,0.122807018,49.80181877,0.936619718,6.17241379,38.13325265,0,7.207832548,5.33667464,8.06010284,38.0178441,21,3
25,20,40,44.57259087,0.115172414,73.54679102,0.915887851,5.82142857,27.50954178,0.05,15.14081241,12.45404453,15.90130899,20.00939163,30,2
50,40,60,53.34168587,0.155172414,76.24599598,0.912727273,6.02564103,51.50651998,0.02,13.36617888,9.59908076,14.86786295,12.00563498,73,10
20,15,30,17.44316638,0.113152805,50.58520991,0.94092827,6.69565217,24.21001893,0,8.652855026,5.168900433,9.023806604,31.01455703,38,11
15,10,30,0,0.072625698,41.71385735,0.974842767,6.09090909,12.96714912,0.03,12.98962341,7.577919621,13.41454087,18.00845247,3,6
5,5,35,36.24854532,0.118226601,51.35146281,0.945578231,6.625,9.260133303,0,9.673259938,5.169602799,10.4299369,25.01173954,13,4
35,30,40,26.75493775,0.112128146,68.54167916,0.938461539,5.66666667,41.62022751,0.03,7.940270877,5.505505047,9.170492595,27.0126787,74,10
30,20,45,19.17179559,0.138259833,77.05507046,0.898876405,5,33.62445381,0.02,4.194358669,3.530049798,4.098711065,13.00610456,71,18
100,40,110,101.5972989,0.198924731,120.503996,0.858823529,5.33333333,67.34455489,0.09,3.67433723,5.156607093,6.624642914,22.01033079,91,12
5,5,30,9.070536494,0.091078067,48.31825487,0.966666667,6,24.66384946,0.04,5.999119062,5.956076198,9.237719227,13.00610456,32,5
15,10,30,0,0.129411765,71.14512417,0.851485149,5.64285714,35.91994297,0.06,8.467830604,6.507669357,11.05303299,11.0051654,37,9
30,15,40,16.49995153,0.133884298,58.36660484,0.825,5.26666667,71.65081761,0,13.13246551,9.708620485,15.37906463,5.002347908,92,12
80,25,40,79.44703718,0.129333333,71.03885513,0.801843318,5.36363636,62.99516624,0.07,12.40794421,7.468909737,15.64842518,15.00704372,69,4
110,30,75,89.49761009,0.158450704,105.6797836,0.783882784,5.625,79.15524206,0.04,9.140647534,4.219688252,12.38207437,23.01080038,121,10
15,15,45,32.08829404,0.121212121,76.80047389,0.944099379,6.4,52.86219647,0.08,7.408954786,6.018227348,10.64987288,8.003756652,27,8
115,35,65,40.69682276,0.161691542,81.691428,0.797169811,5.41666667,78.18937212,0.01,7.721539968,3.342661589,10.96210071,22.01033079,116,13
70,50,80,61.98808559,0.163779528,78.05277658,0.798165138,5.16666667,83.32872005,0.12,12.94946919,11.56890781,12.14890767,23.01080038,96,29
60,20,55,106.8314627,0.151401869,104.2046769,0.772727273,5.11111111,81.69791451,0.07,10.98756753,6.589536613,13.04340739,0,52,13
45,30,40,20.94569928,0.1232493,87.58892207,0.872881356,6.28571429,69.45596899,0.03,9.562061809,8.435625933,9.601443293,39.01831368,76,22
30,25,50,24.0083854,0.121890547,66.81647366,0.942408377,5.46666667,58.97134041,0.05,8.786265539,8.707394084,9.531645851,9.004226234,62,9
15,15,40,60.30165543,0.151741294,63.89007367,0.937853107,5.47058824,44.0617413,0.03,8.882195809,7.8997445,8.433485357,12.00563498,73,2
80,35,90,78.02692143,0.189079879,93.7827419,0.841269841,5.47368421,65.64349947,0.06,8.923449903,8.292816581,8.492552033,31.01455703,119,23
20,15,50,35.29845006,0.146456693,81.4917627,0.846153846,5.73333333,55.11237257,0,15.35284842,12.36570447,12.07524508,6.002817489,126,18
20,20,40,12.54902939,0.138666667,52.23712938,0.87704918,6,53.52100457,0.06,16.82569209,13.20347021,12.55394158,18.00845247,150,28
55,15,35,46.89963559,0.142857143,57.53027827,0.848837209,5.9375,50.28580753,0.05,17.62891442,15.30818715,10.27137957,8.003756652,65,16
65,30,70,50.47868888,0.173357664,82.21410331,0.842105263,5.33333333,66.51143254,0.07,11.8337277,9.091859525,8.930213589,86.04038401,43,17
45,40,50,48.34581016,0.150186567,80.39922715,0.907079646,5.68,41.89377178,0.04,13.74007718,11.12666666,9.488564993,88.04132318,67,23
80,45,80,107.6733225,0.152368758,101.1728683,0.852216749,4.33333333,139.2781405,0.09,4.322254204,3.228803342,20.12089575,19.00892205,112,13
25,15,30,21.63693999,0.116666667,65.44926211,0.93956044,6,32.63062588,0.02,4.442775756,6.152723493,20.64771777,15.00704372,43,11
70,40,85,46.91009453,0.152970923,126.6566242,0.840490798,5.19230769,135.9956501,0.03,10.81318518,12.00419933,13.84879014,28.01314828,36,13
80,45,90,41.97689335,0.135678392,107.7859199,0.878787879,4.87179487,82.22235707,0.07,15.36332557,12.01683442,19.39033033,38.0178441,41,18
145,70,160,91.19919433,0.199685535,133.7037977,0.665354331,4.74193548,117.3828799,0.1,14.84217367,8.031090755,21.35294589,25.01173954,121,42
100,40,85,160.0808416,0.183030303,111.1633059,0.870967742,5.42857143,95.27875498,0.01,6.252687347,5.258823199,17.96467809,19.00892205,78,10
35,20,40,30.76340684,0.105381166,69.33516651,0.897959184,5.64864865,47.90633523,0.01,13.30863355,8.25381177,20.06922614,27.0126787,42,8
35,25,65,16.39025411,0.126068376,92.57953426,0.963687151,5.71794872,51.64935752,0.04,11.19149209,6.401959426,17.93230871,3.001408745,15,8
75,25,35,25.81572172,0.109921485,85.67522516,0.901023891,5.52941176,36.4065328,0.07,16.1830955,13.027113,17.75525392,48.02253991,47,8
50,15,40,29.3673987,0.116374871,70.61327448,0.93220339,5.73913043,34.95312985,0.01,8.66992975,8.383540522,7.823155569,12.00563498,25,14
45,20,65,36.09674757,0.155653451,65.79862232,0.859437751,5.54545455,71.31596637,0.13,6.797382402,6.795433795,8.001757406,6.002817489,44,3
40,20,55,34.77928937,0.134285714,79.81849934,0.954773869,6,61.42795008,0.02,6.152424693,6.153465754,7.461369802,11.0051654,56,11
70,35,90,20.92366967,0.168975069,92.56731186,0.914285714,5.52173913,74.21872388,0.06,6.147193262,6.147193147,7.271945064,6.002817489,75,4
60,40,95,94.51198353,0.177777778,91.9013336,0.886554622,5.31578947,84.8665164,0.1,8.079208245,8.025078647,8.0479101,15.00704372,76,13
40,30,50,161.7251171,0.151581243,75.6520987,0.927927928,5.7,42.80070312,0.05,4.203373345,4.193990169,5.583810089,38.0178441,34,13
100,50,140,79.75910136,0.225446429,134.6060466,0.84496124,5.375,117.8967761,0.05,5.657037831,5.655955811,7.674180655,7.003287071,73,9
45,30,40,28.07195972,0.128431373,72.05041838,0.909747292,5.87804878,37.61776652,0.01,6.878526008,6.880426176,8.896846216,14.00657414,59,12
10,20,40,5.450785137,0.115034169,60.32011859,0.935064935,5.93333333,30.29402099,0.04,10.7103447,10.711138,12.72817238,10.00469582,27,4
15,10,35,144.3641965,0.127829561,68.98551659,0.919047619,5.80769231,28.12369307,0.03,8.741755362,8.76806181,10.78734706,8.003756652,28,11
10,15,30,5.031895626,0.143652561,65.6208708,0.940677966,5.94285714,52.21132011,0.02,9.589193762,9.58675803,11.60563273,6.002817489,45,7
